,0,1,2,3,4,5,6,7,8,9,10,11,12,13,14,15,16,17,18,19,20,21,22,23,24,25,26,27,28,29,30,31,32,33,34,35,36,37,38,39,40,41,42,43,44,45,46,47,48,49,50,51,52,53,54,55,56,57,58,59,60,61,62,63,64,65,66,67,68,69,70,71,72,73,74,75,76,77,78,79,80,81,82,83,84,85,86,87,88,89,90,91,92,93,94,95,96,97,98,99,100
0,1,0.0,0.0,0.0,0.0,0.0,0.0,0.0,0.0,0.0,0.0,0.0,0.0,0.0,0.0,0.0,0.0,0.0,0.0,0.0,0.0,0.0,0.0,0.0,0.0,0.0,0.0,0.0,0.0,0.0,0.0,0.0,0.0,0.0,0.0,0.0,0.0,0.0,0.0,0.0,0.0,0.0,0.0,0.0,0.0,0.0,0.0,0.0,0.0,0.0,0.0,0.0,0.0,0.0,0.0,0.0,0.0,0.0,0.0,0.0,0.0,0.0,0.0,0.0,0.0,0.0,0.0,0.0,0.0,0.0,0.0,0.0,0.0,0.0,0.0,0.0,0.0,0.0,0.0,0.0,0.0,0.0,0.0,0.0,0.0,0.0,0.0,0.0,0.0,0.0,0.0,0.0,0.0,0.0,0.0,0.0,0.0,0.0,0.0,0.0,0.0
1,1,0.49868,0.37622,0.31463,0.273,0.24442,0.22588,0.20999,0.19544,0.18612,0.17438,0.16918,0.16017,0.15457,0.15026,0.14314,0.14092,0.13689,0.13168,0.129,0.12517,0.12128,0.11823,0.11764,0.11448,0.11293,0.1086,0.10686,0.10471,0.10583,0.10297,0.10179,0.09774,0.0977,0.09723,0.09543,0.09552,0.09265,0.09231,0.09161,0.08809,0.0868,0.08646,0.08632,0.08416,0.08395,0.08373,0.08241,0.0817,0.07895,0.07961,0.07802,0.07743,0.0763,0.076,0.07606,0.07484,0.07386,0.07338,0.07501,0.07254,0.07157,0.07195,0.07125,0.07091,0.07028,0.06989,0.06942,0.06948,0.06888,0.06621,0.06598,0.06671,0.06564,0.06523,0.06319,0.06345,0.06459,0.06337,0.06291,0.06427,0.06225,0.06188,0.06217,0.06178,0.06108,0.06109,0.05976,0.06047,0.05958,0.05828,0.05893,0.05871,0.05854,0.05637,0.05685,0.0582,0.05748,0.0572,0.05673,0.05636
2,1,0.748,0.62796,0.54517,0.4917,0.4523,0.41532,0.39242,0.37307,0.34819,0.33875,0.32213,0.31107,0.2989,0.28889,0.28057,0.27083,0.26422,0.25718,0.25106,0.24424,0.23965,0.23345,0.22709,0.2248,0.21892,0.21659,0.21113,0.20904,0.20328,0.20147,0.20011,0.19465,0.19297,0.19127,0.18949,0.18478,0.18265,0.18092,0.18038,0.17405,0.1747,0.17161,0.16851,0.16819,0.16618,0.16393,0.16084,0.16203,0.15991,0.15888,0.15442,0.15454,0.15018,0.15333,0.15085,0.14883,0.1483,0.14571,0.14531,0.14433,0.14284,0.13984,0.14068,0.13892,0.1381,0.13854,0.13888,0.1335,0.13653,0.13362,0.13134,0.13351,0.13087,0.13107,0.12857,0.12733,0.12747,0.12475,0.12725,0.12547,0.12416,0.12235,0.12188,0.12366,0.12146,0.12119,0.11927,0.1209,0.11938,0.11501,0.1168,0.11693,0.11667,0.11598,0.11576,0.11216,0.1144,0.11157,0.1129,0.11117
3,1,0.8743,0.77995,0.71053,0.65726,0.61196,0.57667,0.54302,0.52056,0.49721,0.47802,0.45851,0.44064,0.42879,0.4149,0.40421,0.39395,0.38174,0.37529,0.36357,0.35421,0.35032,0.34094,0.33466,0.32652,0.32164,0.3147,0.31221,0.305,0.30175,0.29489,0.28956,0.28678,0.2835,0.27937,0.27614,0.27362,0.26607,0.26672,0.26262,0.25734,0.25716,0.25285,0.2521,0.24773,0.24362,0.24204,0.24336,0.23994,0.23456,0.23525,0.23133,0.22826,0.2279,0.22507,0.22376,0.2211,0.21904,0.21763,0.21615,0.21417,0.21085,0.21063,0.20996,0.20705,0.20652,0.20446,0.20276,0.20259,0.20118,0.19715,0.20006,0.19537,0.19624,0.19271,0.19157,0.19158,0.18919,0.18911,0.18863,0.18682,0.18578,0.1862,0.18361,0.18297,0.17732,0.17952,0.17987,0.17633,0.17629,0.17555,0.17612,0.17367,0.17508,0.17411,0.17107,0.17116,0.1719,0.16878,0.16765,0.16919
4,1,0.93723,0.87308,0.82009,0.77325,0.7357,0.70067,0.66651,0.6395,0.61536,0.59564,0.57495,0.5589,0.54154,0.53111,0.5147,0.49977,0.49032,0.47788,0.46708,0.46033,0.44811,0.43908,0.43242,0.42424,0.41624,0.41327,0.40215,0.39481,0.39235,0.38492,0.38339,0.37488,0.36853,0.36282,0.36041,0.35713,0.35057,0.3447,0.34365,0.3374,0.3371,0.33388,0.32959,0.32617,0.3223,0.31874,0.31527,0.31258,0.31082,0.30369,0.30537,0.30226,0.2992,0.2933,0.29192,0.29385,0.29087,0.28547,0.28354,0.28318,0.27917,0.27783,0.27747,0.27304,0.27057,0.26829,0.26804,0.26567,0.26428,0.26167,0.2619,0.2593,0.25543,0.25717,0.2542,0.25243,0.25073,0.24826,0.24789,0.2476,0.24275,0.24164,0.2417,0.23945,0.23967,0.23739,0.23705,0.23512,0.23497,0.23296,0.23181,0.22896,0.22894,0.22915,0.22619,0.22512,0.22483,0.22307,0.22129,0.22008
5,1,0.96888,0.92899,0.88964,0.8536,0.82178,0.78805,0.76167,0.73753,0.71266,0.69099,0.67435,0.65713,0.63749,0.62597,0.60631,0.59481,0.58274,0.57217,0.55718,0.54791,0.54133,0.52983,0.52062,0.51128,0.50316,0.49727,0.48671,0.48343,0.47412,0.4687,0.45981,0.45284,0.44962,0.44778,0.4378,0.43494,0.42998,0.42343,0.4172,0.41357,0.40989,0.40665,0.39989,0.39613,0.39547,0.38787,0.38733,0.38277,0.38089,0.37636,0.37109,0.37019,0.36751,0.36168,0.35974,0.35669,0.35352,0.35147,0.3502,0.34479,0.34436,0.34275,0.33873,0.33682,0.33378,0.33263,0.33021,0.32884,0.32213,0.32355,0.32054,0.31845,0.318,0.31507,0.31244,0.31132,0.30699,0.30588,0.30423,0.30184,0.29933,0.3,0.30155,0.29612,0.29585,0.29396,0.29032,0.29129,0.29034,0.2889,0.28387,0.28363,0.28478,0.28027,0.28245,0.27754,0.27664,0.27531,0.27332,0.27299
6,1,0.98425,0.9609,0.93447,0.90809,0.88157,0.85391,0.83185,0.80858,0.79003,0.77009,0.75168,0.73359,0.7196,0.70178,0.69065,0.67665,0.65978,0.65135,0.63853,0.63017,0.62083,0.60784,0.6005,0.58598,0.58359,0.57208,0.56738,0.56,0.5488,0.54227,0.53427,0.53052,0.52184,0.51874,0.51138,0.50567,0.50155,0.49252,0.49049,0.48345,0.48035,0.47171,0.47103,0.46666,0.4584,0.45776,0.45138,0.44821,0.44268,0.44268,0.43727,0.43823,0.4307,0.42697,0.42401,0.42128,0.41579,0.41406,0.41316,0.40692,0.40605,0.40647,0.39912,0.39594,0.39412,0.39122,0.38827,0.38786,0.38179,0.37958,0.37948,0.37752,0.37523,0.37457,0.371,0.36804,0.36759,0.36029,0.36104,0.36136,0.35372,0.35486,0.35377,0.35231,0.3493,0.34918,0.34479,0.34333,0.34597,0.3422,0.33889,0.33369,0.33861,0.33528,0.33143,0.33018,0.32903,0.32732,0.32386,0.32492
7,1,0.99196,0.97851,0.96114,0.94246,0.92265,0.90207,0.88392,0.86795,0.84745,0.83053,0.81493,0.79952,0.78277,0.77061,0.75883,0.7437,0.73142,0.72034,0.70805,0.69618,0.68639,0.67844,0.67204,0.65732,0.65172,0.6384,0.63439,0.62691,0.61833,0.61165,0.60405,0.59756,0.5924,0.58293,0.57955,0.57147,0.5653,0.56168,0.55571,0.54708,0.54176,0.53897,0.53557,0.52887,0.52498,0.51773,0.51567,0.51025,0.50708,0.50604,0.50023,0.49546,0.4934,0.49043,0.48497,0.47969,0.47593,0.4729,0.46782,0.47039,0.46356,0.46056,0.45653,0.45431,0.44948,0.44638,0.44291,0.44338,0.43786,0.43757,0.43393,0.43115,0.4326,0.42713,0.42463,0.42377,0.41849,0.41798,0.41588,0.41097,0.40996,0.40617,0.40539,0.40365,0.40257,0.40142,0.39941,0.3962,0.3969,0.3928,0.39283,0.38908,0.38747,0.38369,0.38384,0.38124,0.38097,0.37889,0.37716,0.37614
8,1,0.99612,0.98819,0.97805,0.9654,0.95029,0.937,0.92163,0.90656,0.89231,0.87806,0.86392,0.85231,0.83807,0.82499,0.8115,0.79969,0.78698,0.77766,0.76539,0.75888,0.74417,0.73589,0.72767,0.71728,0.71067,0.70127,0.69566,0.68544,0.67563,0.67234,0.6656,0.65786,0.65071,0.64621,0.63699,0.62879,0.62719,0.62139,0.61503,0.60639,0.60267,0.59736,0.59231,0.58637,0.58308,0.57721,0.57664,0.56949,0.56371,0.56113,0.55679,0.55339,0.54918,0.54472,0.53976,0.53754,0.53502,0.52656,0.5288,0.51968,0.51838,0.51661,0.51281,0.51031,0.50417,0.50239,0.49764,0.49643,0.4934,0.4912,0.48713,0.48563,0.48082,0.48155,0.47739,0.47504,0.47257,0.46964,0.46499,0.46276,0.46539,0.45899,0.45579,0.4533,0.45152,0.45047,0.44815,0.44407,0.44375,0.44335,0.43739,0.43442,0.43302,0.43322,0.4312,0.42857,0.42688,0.42501,0.42407,0.42233
9,1,0.99819,0.99358,0.98688,0.9786,0.96871,0.95832,0.94768,0.93606,0.92397,0.91396,0.90067,0.88898,0.87903,0.86746,0.8561,0.84608,0.83346,0.8259,0.81545,0.80788,0.79778,0.78767,0.7767,0.77081,0.76197,0.7552,0.74807,0.74374,0.73066,0.7243,0.71605,0.71152,0.70651,0.69968,0.69295,0.68273,0.67658,0.67359,0.66501,0.66241,0.65808,0.65411,0.64801,0.64333,0.63551,0.63043,0.62698,0.62337,0.61838,0.61579,0.60703,0.60286,0.60168,0.59442,0.59272,0.58713,0.58522,0.57886,0.57727,0.57367,0.56929,0.5655,0.56185,0.56118,0.55293,0.55204,0.54523,0.54668,0.54535,0.53951,0.53784,0.53764,0.5332,0.52868,0.52412,0.52327,0.52147,0.51768,0.5178,0.51364,0.50595,0.50492,0.50733,0.50536,0.50102,0.49719,0.49359,0.49192,0.48939,0.488,0.48703,0.48318,0.48601,0.48061,0.47902,0.47608,0.47333,0.47446,0.47259,0.46683
10,1,0.99884,0.99649,0.99272,0.9868,0.98086,0.97375,0.96547,0.95722,0.94847,0.93852,0.93058,0.92101,0.91045,0.89946,0.8919,0.88054,0.87439,0.86528,0.85802,0.84647,0.83773,0.83004,0.82467,0.81526,0.80746,0.79752,0.79076,0.7858,0.77819,0.77039,0.7645,0.75836,0.75097,0.74614,0.74015,0.73229,0.72881,0.72249,0.71564,0.71129,0.70138,0.70123,0.6968,0.69029,0.68722,0.67879,0.6758,0.67307,0.66236,0.66419,0.65907,0.65314,0.65145,0.64382,0.63996,0.63548,0.6331,0.62882,0.62372,0.62225,0.6176,0.61467,0.60985,0.60833,0.60149,0.59795,0.59927,0.59285,0.58907,0.58785,0.58342,0.58137,0.57752,0.5767,0.57194,0.56787,0.56634,0.56303,0.5603,0.55632,0.55804,0.55232,0.55136,0.54889,0.5429,0.54309,0.53994,0.53656,0.53616,0.53225,0.52857,0.53028,0.52586,0.52696,0.52012,0.52041,0.51594,0.51301,0.51475,0.50873
11,1,0.99954,0.99826,0.99575,0.99196,0.98789,0.98326,0.97712,0.97078,0.96398,0.95729,0.95083,0.94281,0.93496,0.92729,0.92034,0.91121,0.90484,0.89482,0.88845,0.88098,0.87268,0.8672,0.85835,0.85228,0.84334,0.8388,0.82972,0.82375,0.81726,0.81219,0.80334,0.80138,0.79348,0.78898,0.78249,0.77458,0.77016,0.76356,0.75941,0.75251,0.74854,0.7446,0.7374,0.73281,0.72955,0.72463,0.71975,0.71242,0.70909,0.7042,0.70015,0.69598,0.69305,0.69049,0.68525,0.67652,0.67634,0.67262,0.67117,0.66564,0.66195,0.65694,0.65433,0.65148,0.64771,0.64204,0.64042,0.63727,0.63268,0.6298,0.62563,0.62297,0.62151,0.61682,0.61573,0.61432,0.60966,0.60611,0.60425,0.60274,0.59962,0.59588,0.5955,0.58903,0.58664,0.58188,0.58575,0.58192,0.57542,0.57669,0.57111,0.56667,0.56729,0.56274,0.56232,0.56028,0.56268,0.55675,0.55641,0.55306
12,1,0.99969,0.99892,0.99753,0.99565,0.99287,0.98998,0.98643,0.98074,0.97579,0.97111,0.96466,0.9592,0.95324,0.94684,0.94014,0.93432,0.92648,0.92138,0.91592,0.90738,0.90194,0.89381,0.88661,0.88248,0.87612,0.87134,0.8649,0.85582,0.85219,0.84745,0.84124,0.83399,0.82803,0.82387,0.81939,0.81316,0.80739,0.80021,0.79628,0.79152,0.78689,0.78357,0.77648,0.77138,0.76744,0.76113,0.75743,0.756,0.74797,0.74471,0.73781,0.73685,0.73217,0.72838,0.72583,0.72111,0.71649,0.71157,0.71099,0.70669,0.70031,0.69787,0.69581,0.69147,0.68828,0.68066,0.67865,0.68075,0.67544,0.67263,0.66461,0.66344,0.66142,0.65941,0.65573,0.65335,0.65019,0.64697,0.64399,0.642,0.63747,0.63285,0.63275,0.6283,0.62782,0.62448,0.62198,0.62141,0.61717,0.61549,0.611,0.60908,0.61009,0.60586,0.60355,0.59952,0.59704,0.59525,0.59411,0.58984
13,1,0.99985,0.99944,0.99873,0.99738,0.99566,0.99291,0.991,0.98686,0.98379,0.97993,0.97519,0.97132,0.96627,0.96195,0.95683,0.95229,0.94606,0.94039,0.93492,0.92968,0.92443,0.91948,0.9135,0.90807,0.90149,0.89529,0.89158,0.88549,0.88209,0.87471,0.86975,0.8636,0.85646,0.85522,0.84932,0.84412,0.83869,0.83496,0.82756,0.8232,0.81857,0.81564,0.81161,0.80675,0.80167,0.79744,0.79515,0.79059,0.78562,0.77986,0.77734,0.77414,0.7667,0.76575,0.76106,0.75921,0.75372,0.74863,0.74558,0.7418,0.73977,0.73648,0.72991,0.72878,0.72494,0.7215,0.71855,0.7136,0.71544,0.70841,0.70376,0.6998,0.69733,0.69886,0.69225,0.6898,0.68894,0.68727,0.68094,0.67535,0.67498,0.67215,0.6691,0.66799,0.66365,0.66064,0.65837,0.65591,0.6564,0.65236,0.65053,0.64885,0.6439,0.64108,0.64229,0.63657,0.63585,0.63017,0.63318,0.62966
14,1,0.99996,0.99972,0.99922,0.99842,0.99726,0.99576,0.99394,0.99169,0.98937,0.98584,0.98286,0.98016,0.97628,0.97207,0.9693,0.9648,0.96045,0.9552,0.95202,0.94656,0.94138,0.93544,0.93181,0.92796,0.92209,0.91712,0.91344,0.90787,0.90416,0.89719,0.89577,0.89115,0.88417,0.88029,0.87705,0.87167,0.86702,0.86242,0.85632,0.85312,0.8498,0.84654,0.83933,0.83557,0.83238,0.82759,0.82397,0.82115,0.81653,0.81059,0.80745,0.80535,0.80203,0.79648,0.79328,0.78991,0.78615,0.7833,0.77615,0.77562,0.7704,0.76696,0.76344,0.76343,0.75939,0.75399,0.75074,0.74945,0.74525,0.74126,0.73835,0.73802,0.73346,0.72922,0.72966,0.72605,0.71955,0.71934,0.71754,0.71359,0.70922,0.70844,0.70464,0.7008,0.69923,0.70098,0.69441,0.6899,0.68948,0.68585,0.6831,0.67788,0.67982,0.67864,0.67238,0.66942,0.67176,0.66675,0.66408,0.66374
15,1,0.99993,0.99987,0.99963,0.9991,0.99857,0.9975,0.99615,0.9946,0.99313,0.99126,0.98871,0.98575,0.98414,0.98054,0.97751,0.97469,0.97112,0.96761,0.963,0.9607,0.95589,0.95298,0.9482,0.94389,0.93919,0.9372,0.93355,0.92859,0.92383,0.9207,0.91704,0.91187,0.90626,0.90196,0.89926,0.89616,0.89046,0.88771,0.88233,0.87746,0.87443,0.87039,0.86542,0.86275,0.85699,0.85501,0.85145,0.8481,0.8458,0.84028,0.83639,0.8339,0.82902,0.82861,0.82372,0.81969,0.81564,0.81146,0.80695,0.8036,0.80034,0.80005,0.79409,0.79425,0.79101,0.78545,0.78303,0.77897,0.77724,0.7739,0.76744,0.76768,0.76631,0.76111,0.7594,0.75519,0.75229,0.74917,0.74791,0.74356,0.74277,0.73815,0.73553,0.73324,0.7326,0.72863,0.72475,0.72273,0.72116,0.72105,0.71634,0.71428,0.71338,0.70718,0.70487,0.70435,0.69996,0.70167,0.69807,0.69408
16,1,0.99995,0.99993,0.99982,0.99962,0.99922,0.99855,0.99754,0.99668,0.99578,0.99415,0.99216,0.99082,0.98828,0.98638,0.98392,0.98121,0.97831,0.9754,0.9725,0.97072,0.96631,0.96295,0.95927,0.95678,0.95194,0.95002,0.94829,0.94348,0.94035,0.93448,0.9331,0.92877,0.92357,0.92189,0.91845,0.91288,0.90956,0.90755,0.90441,0.90219,0.89592,0.89357,0.88833,0.88661,0.88066,0.87979,0.87433,0.87121,0.8702,0.8663,0.86094,0.85679,0.85371,0.84949,0.84637,0.84509,0.8407,0.83996,0.8352,0.83111,0.8263,0.82559,0.82232,0.81896,0.81751,0.81303,0.81011,0.80951,0.80618,0.80098,0.7968,0.79419,0.79381,0.79002,0.78778,0.78566,0.78373,0.77834,0.77856,0.77097,0.77197,0.76515,0.76654,0.76056,0.76153,0.75799,0.75625,0.75357,0.74762,0.74866,0.74492,0.7436,0.74223,0.74117,0.73668,0.73272,0.73287,0.72756,0.72559,0.7244
17,1,1.0,0.99998,0.99988,0.99968,0.99944,0.99932,0.99852,0.99784,0.99687,0.99583,0.99514,0.99358,0.9926,0.99031,0.98847,0.9866,0.98462,0.98205,0.98039,0.97721,0.97556,0.97218,0.97044,0.96693,0.96438,0.96226,0.95871,0.95631,0.95179,0.94942,0.9472,0.94339,0.94145,0.93761,0.93494,0.93233,0.92785,0.9238,0.92094,0.91755,0.91371,0.91043,0.90823,0.90552,0.9022,0.89889,0.89427,0.89077,0.88865,0.88627,0.88381,0.87922,0.87647,0.87295,0.87109,0.8699,0.86367,0.85941,0.86011,0.85635,0.85288,0.84996,0.84748,0.84197,0.84078,0.83905,0.83491,0.8332,0.83208,0.82716,0.8246,0.82307,0.81718,0.81458,0.81349,0.81017,0.80602,0.80499,0.80349,0.80055,0.79707,0.79654,0.79412,0.78938,0.7878,0.78645,0.78191,0.77628,0.77628,0.77488,0.77227,0.77141,0.76914,0.76697,0.76297,0.76284,0.7586,0.75664,0.75699,0.75346
18,1,0.99999,1.0,0.99996,0.99983,0.99976,0.99941,0.99899,0.99888,0.99813,0.99709,0.9964,0.99578,0.99461,0.99346,0.99222,0.99041,0.98834,0.98796,0.98612,0.98356,0.98168,0.97883,0.97723,0.97531,0.97389,0.97006,0.96789,0.96548,0.96321,0.96154,0.95921,0.95474,0.9523,0.95147,0.94799,0.94466,0.942,0.93847,0.93642,0.93254,0.93078,0.92831,0.92241,0.92153,0.91844,0.91628,0.91317,0.90945,0.9078,0.90377,0.90149,0.89838,0.89667,0.89486,0.8898,0.88828,0.88511,0.88086,0.87836,0.8757,0.87239,0.87071,0.86842,0.8649,0.86083,0.85958,0.85648,0.85429,0.8511,0.8488,0.84687,0.84557,0.84114,0.83908,0.83664,0.83342,0.83117,0.82931,0.82498,0.825,0.82084,0.81911,0.81772,0.81509,0.81194,0.81106,0.80737,0.80487,0.80217,0.80023,0.79721,0.79603,0.79357,0.7905,0.7884,0.7846,0.78525,0.78487,0.78163,0.7798
19,1,1.0,0.99998,0.99995,0.99996,0.9998,0.99968,0.99957,0.99923,0.99875,0.99853,0.99739,0.9972,0.99628,0.99534,0.99461,0.9934,0.99199,0.99013,0.98921,0.9877,0.98652,0.98498,0.98316,0.98148,0.97921,0.9763,0.97598,0.97331,0.97187,0.96834,0.96659,0.96541,0.96254,0.96029,0.95722,0.95454,0.95312,0.95107,0.94754,0.94592,0.94289,0.93913,0.93906,0.93502,0.93235,0.93117,0.92756,0.92563,0.92356,0.91993,0.91763,0.91382,0.91153,0.90975,0.90858,0.90576,0.90301,0.90054,0.89641,0.89479,0.89146,0.88831,0.88481,0.88706,0.88271,0.87925,0.87474,0.87532,0.87096,0.87076,0.8678,0.86463,0.86256,0.85876,0.85763,0.85389,0.85349,0.85091,0.84958,0.84706,0.84323,0.83972,0.83924,0.83837,0.83422,0.83372,0.82939,0.82849,0.82424,0.82118,0.81921,0.81865,0.81442,0.81496,0.81116,0.80817,0.80745,0.80661,0.80364,0.80301
20,1,1.0,0.99999,0.99997,0.99991,0.99987,0.99977,0.9997,0.99947,0.99904,0.999,0.99854,0.99809,0.9973,0.99678,0.99622,0.99545,0.99451,0.9936,0.99264,0.99107,0.99075,0.98901,0.98719,0.98655,0.98429,0.98244,0.98054,0.98011,0.97806,0.97645,0.97408,0.97266,0.9704,0.96881,0.96719,0.96421,0.96166,0.96029,0.95916,0.95657,0.95473,0.95145,0.94988,0.94806,0.94564,0.94232,0.94136,0.93929,0.93635,0.93416,0.93208,0.92813,0.92689,0.92394,0.92332,0.91969,0.91669,0.91527,0.91318,0.91098,0.90831,0.90563,0.90448,0.90002,0.8991,0.89706,0.89619,0.89188,0.89028,0.8882,0.88513,0.88331,0.88064,0.87945,0.87644,0.87473,0.87301,0.86894,0.86757,0.86426,0.86254,0.86008,0.85914,0.85644,0.855,0.85163,0.8492,0.84773,0.84658,0.84492,0.84117,0.83818,0.83777,0.83614,0.83475,0.83148,0.82854,0.82676,0.82501,0.82277
21,1,1.0,1.0,0.99999,0.99998,0.99997,0.99993,0.99985,0.99973,0.99953,0.99928,0.99894,0.99875,0.99831,0.99801,0.99742,0.99693,0.99593,0.99571,0.99451,0.99414,0.99311,0.99215,0.99078,0.98962,0.9874,0.98725,0.98561,0.98499,0.98359,0.98232,0.98009,0.97909,0.97692,0.97531,0.97356,0.97224,0.97062,0.96882,0.96634,0.96471,0.96158,0.96167,0.95898,0.95709,0.95569,0.95347,0.95144,0.94945,0.94853,0.94522,0.94421,0.94223,0.93892,0.93815,0.93452,0.93439,0.93118,0.929,0.92778,0.92319,0.92341,0.92026,0.91788,0.91609,0.91326,0.91155,0.91192,0.90674,0.90591,0.90064,0.90232,0.89853,0.89744,0.89656,0.89389,0.89105,0.88693,0.88784,0.88493,0.8853,0.87919,0.87914,0.87575,0.87477,0.87252,0.86988,0.8693,0.86552,0.86543,0.86442,0.86107,0.8582,0.85921,0.85468,0.85116,0.85209,0.84915,0.84749,0.84613,0.84489
22,1,1.0,1.0,0.99996,0.99999,0.99994,0.99991,0.99994,0.99976,0.99974,0.99952,0.9994,0.99928,0.99893,0.99856,0.99857,0.99769,0.99727,0.99639,0.99637,0.99554,0.99457,0.99422,0.99368,0.9925,0.99174,0.99013,0.98928,0.98754,0.98647,0.98643,0.98433,0.98293,0.98255,0.98058,0.97919,0.97758,0.97647,0.97501,0.97317,0.97223,0.97098,0.96877,0.96677,0.96568,0.96268,0.96268,0.95931,0.95818,0.95663,0.95508,0.95258,0.9523,0.94884,0.94973,0.94623,0.94386,0.94149,0.94038,0.93584,0.93509,0.93362,0.93225,0.93168,0.9293,0.92729,0.92557,0.92386,0.92096,0.91932,0.91663,0.916,0.9125,0.91121,0.90982,0.90837,0.90726,0.90362,0.90256,0.90066,0.89851,0.89665,0.89382,0.89229,0.88895,0.88829,0.88743,0.88617,0.88413,0.88243,0.87704,0.87684,0.87535,0.87331,0.8721,0.87089,0.86866,0.86901,0.86618,0.86223,0.86134
23,1,1.0,1.0,1.0,1.0,0.99997,0.99997,0.99992,0.9999,0.99985,0.99971,0.9996,0.99955,0.99935,0.99908,0.99864,0.99833,0.99816,0.99768,0.99725,0.99699,0.99665,0.99579,0.99505,0.9946,0.99384,0.99277,0.99222,0.99082,0.99013,0.98947,0.98833,0.98718,0.98625,0.98514,0.98437,0.98309,0.98168,0.98036,0.97907,0.97744,0.97669,0.97461,0.97357,0.97197,0.97071,0.9694,0.96846,0.96708,0.96394,0.96322,0.96127,0.96026,0.95818,0.9578,0.95542,0.95453,0.95209,0.95028,0.94888,0.94751,0.94468,0.94286,0.94111,0.94018,0.93957,0.93722,0.93569,0.93202,0.93091,0.92861,0.9277,0.92574,0.92339,0.92414,0.91932,0.91915,0.91687,0.91558,0.91424,0.91307,0.91035,0.90933,0.90569,0.90619,0.90197,0.90028,0.90017,0.89827,0.89693,0.89602,0.8947,0.89203,0.89166,0.88815,0.88603,0.88333,0.88127,0.88061,0.87769,0.87587
24,1,1.0,1.0,1.0,1.0,1.0,0.99998,0.99996,0.99995,0.99993,0.99971,0.99977,0.99961,0.99964,0.99922,0.99922,0.99909,0.99849,0.99868,0.99827,0.99781,0.99744,0.99686,0.99613,0.99575,0.99515,0.99444,0.99383,0.99357,0.9922,0.99175,0.99131,0.99033,0.98962,0.98857,0.98713,0.98624,0.98612,0.98444,0.98334,0.98225,0.98201,0.98013,0.97834,0.97829,0.97606,0.97488,0.97418,0.97216,0.97133,0.96957,0.96857,0.96653,0.96586,0.96509,0.96274,0.96215,0.96048,0.95714,0.95665,0.95526,0.95423,0.95308,0.9498,0.95004,0.94878,0.94656,0.94634,0.94261,0.94049,0.94069,0.93899,0.93674,0.93462,0.93444,0.93259,0.93074,0.92953,0.92817,0.92685,0.92564,0.92113,0.92153,0.91953,0.9167,0.91761,0.91462,0.91453,0.91177,0.90875,0.90861,0.9083,0.90596,0.903,0.90102,0.90027,0.89851,0.89589,0.89415,0.89516,0.89256
25,1,1.0,1.0,1.0,1.0,0.99999,0.99999,0.99997,0.99998,0.99995,0.99989,0.99986,0.99984,0.99956,0.99959,0.99946,0.99925,0.99921,0.99873,0.99857,0.99823,0.99841,0.99787,0.99752,0.99731,0.99636,0.99627,0.99601,0.99509,0.99507,0.99411,0.99353,0.99308,0.99179,0.99132,0.99084,0.98989,0.98915,0.98718,0.98728,0.98613,0.98505,0.98422,0.98298,0.9822,0.98143,0.98025,0.97994,0.97742,0.97671,0.97542,0.97444,0.97287,0.97211,0.97017,0.97098,0.96843,0.96702,0.96495,0.96436,0.963,0.96173,0.96085,0.95946,0.95851,0.95701,0.95477,0.95433,0.95225,0.9503,0.94992,0.94784,0.94668,0.9452,0.94297,0.94231,0.94195,0.93771,0.9382,0.93609,0.93503,0.93361,0.93186,0.9302,0.92999,0.9273,0.92577,0.92449,0.92263,0.9217,0.92024,0.91747,0.91596,0.91567,0.91477,0.91216,0.91234,0.91163,0.90777,0.90584,0.90544
26,1,1.0,1.0,1.0,1.0,0.99999,0.99999,1.0,0.99993,0.99994,0.99995,0.99988,0.99982,0.99976,0.9998,0.99961,0.99945,0.99931,0.99931,0.99928,0.99885,0.99883,0.99835,0.99826,0.99782,0.99754,0.99727,0.99717,0.99629,0.99589,0.99543,0.99493,0.99443,0.99401,0.99353,0.99264,0.99213,0.99103,0.99086,0.98997,0.98959,0.989,0.98774,0.98703,0.98577,0.98539,0.98446,0.98291,0.98195,0.98163,0.98025,0.97956,0.97809,0.97671,0.97546,0.97569,0.97502,0.9733,0.97217,0.97118,0.96876,0.96798,0.96775,0.96645,0.96512,0.9633,0.96191,0.96044,0.95944,0.95976,0.95767,0.95659,0.95421,0.95368,0.95312,0.94973,0.94861,0.94903,0.94617,0.94493,0.94351,0.94264,0.94113,0.94139,0.93985,0.93713,0.93692,0.93535,0.93269,0.93216,0.93005,0.93011,0.92774,0.9267,0.92446,0.92416,0.92474,0.92106,0.921,0.91854,0.91687
27,1,1.0,1.0,1.0,0.99999,1.0,0.99997,1.0,0.99998,0.99999,0.99996,0.99994,0.99996,0.99987,0.99984,0.99973,0.99972,0.99966,0.99957,0.99948,0.99926,0.99902,0.99889,0.99885,0.99839,0.99807,0.99782,0.99773,0.99747,0.99728,0.99647,0.9962,0.99599,0.99542,0.9947,0.9941,0.99363,0.99358,0.99217,0.99208,0.99156,0.99055,0.99029,0.98981,0.98886,0.98879,0.9881,0.98581,0.98653,0.98525,0.98362,0.98357,0.98225,0.98112,0.98081,0.98068,0.97864,0.97825,0.97702,0.97625,0.97475,0.97282,0.97367,0.97173,0.97066,0.96954,0.96751,0.96788,0.96668,0.96527,0.96485,0.96266,0.96203,0.96109,0.95905,0.95923,0.95749,0.95736,0.95422,0.95399,0.95316,0.95268,0.94857,0.94995,0.94737,0.9463,0.94638,0.9436,0.94261,0.94059,0.94075,0.94116,0.93878,0.93616,0.93616,0.9342,0.93236,0.93224,0.93184,0.92943,0.92724
28,1,1.0,1.0,1.0,1.0,0.99999,1.0,1.0,0.99999,1.0,0.99997,0.99997,0.99996,0.99992,0.9999,0.99978,0.99983,0.9996,0.99968,0.9996,0.99946,0.99926,0.99916,0.99912,0.99904,0.99876,0.99868,0.99828,0.99798,0.99752,0.99751,0.99719,0.99678,0.99687,0.99629,0.99594,0.9957,0.9957,0.99433,0.9942,0.9935,0.9928,0.99247,0.99212,0.99144,0.99053,0.99022,0.98939,0.98858,0.98834,0.98755,0.9864,0.98618,0.98548,0.98413,0.98357,0.98265,0.9821,0.98165,0.98027,0.98029,0.97844,0.97747,0.97671,0.97516,0.9747,0.97364,0.972,0.97258,0.97058,0.96968,0.96808,0.96738,0.96628,0.96597,0.96501,0.96375,0.96109,0.96261,0.96083,0.95913,0.95812,0.95682,0.95663,0.95465,0.95507,0.95323,0.95216,0.95091,0.94949,0.94939,0.94667,0.94645,0.94603,0.94338,0.94401,0.94127,0.94253,0.9372,0.93759,0.93699
29,1,1.0,1.0,1.0,1.0,1.0,1.0,0.99999,1.0,0.99997,0.99999,0.99999,0.99998,0.99995,0.99992,0.99992,0.99979,0.99982,0.99972,0.99978,0.99959,0.99953,0.99957,0.99923,0.99928,0.99915,0.999,0.99867,0.99882,0.99838,0.99817,0.99787,0.99782,0.99745,0.99709,0.99636,0.99636,0.9961,0.99555,0.99525,0.99498,0.99445,0.9939,0.99354,0.99277,0.99281,0.99242,0.99132,0.99072,0.99039,0.98947,0.98881,0.98871,0.98823,0.98772,0.98718,0.9863,0.98533,0.98446,0.98384,0.98387,0.98179,0.98077,0.98102,0.9802,0.97979,0.97837,0.97774,0.97682,0.97618,0.97405,0.97471,0.9732,0.97418,0.97164,0.97118,0.96928,0.96968,0.96752,0.96708,0.96694,0.96506,0.96337,0.96328,0.96236,0.96124,0.96132,0.96031,0.95733,0.95635,0.9562,0.95513,0.95341,0.95266,0.95178,0.94984,0.94979,0.94858,0.94631,0.9467,0.94494
30,1,1.0,1.0,1.0,1.0,1.0,1.0,1.0,1.0,1.0,0.99999,0.99999,0.99999,0.99994,0.99994,0.99991,0.99993,0.99987,0.99988,0.99987,0.99976,0.99966,0.9996,0.99954,0.99956,0.99936,0.99913,0.99902,0.99889,0.99883,0.99865,0.99854,0.99838,0.99802,0.99785,0.99766,0.99768,0.99718,0.99686,0.99663,0.9962,0.99566,0.99526,0.99472,0.99495,0.99404,0.99407,0.99342,0.99295,0.99264,0.99208,0.9914,0.99069,0.9908,0.98973,0.98933,0.98909,0.9877,0.98716,0.98739,0.98655,0.98564,0.9854,0.98502,0.98422,0.98326,0.98238,0.98168,0.98063,0.97964,0.97854,0.9787,0.97798,0.97687,0.97613,0.97589,0.97406,0.97468,0.97248,0.97155,0.97137,0.97006,0.97027,0.96898,0.96825,0.96668,0.96645,0.96471,0.96254,0.96288,0.9623,0.96182,0.96113,0.95985,0.95801,0.95714,0.95634,0.95468,0.95385,0.95268,0.95257
31,1,1.0,1.0,1.0,1.0,1.0,1.0,1.0,0.99999,0.99997,0.99998,0.99999,1.0,0.99997,0.99998,0.99996,0.99995,0.99993,0.99989,0.99985,0.99984,0.99974,0.99977,0.99975,0.99973,0.99948,0.99951,0.99948,0.99923,0.99906,0.99911,0.99907,0.99888,0.99866,0.99834,0.99805,0.99785,0.99764,0.9974,0.9974,0.99714,0.99648,0.99656,0.9963,0.99542,0.99549,0.99546,0.99466,0.99433,0.99407,0.99323,0.99363,0.99305,0.99223,0.99196,0.99144,0.99098,0.9901,0.98982,0.98967,0.98919,0.9884,0.98771,0.98719,0.98638,0.98647,0.98561,0.98468,0.98426,0.9835,0.98205,0.98274,0.98133,0.98058,0.98049,0.97933,0.97923,0.97803,0.97758,0.97666,0.97489,0.97482,0.9745,0.97342,0.97344,0.97165,0.97039,0.97006,0.96934,0.96723,0.96922,0.96669,0.96582,0.96582,0.96515,0.96456,0.96255,0.9618,0.96105,0.96045,0.95912
32,1,1.0,1.0,1.0,1.0,1.0,1.0,1.0,1.0,1.0,0.99999,1.0,0.99999,0.99998,1.0,0.99995,0.99995,0.99996,0.99991,0.99991,0.99984,0.99982,0.99982,0.99979,0.9997,0.99969,0.99966,0.99963,0.99942,0.99939,0.9992,0.9993,0.99925,0.9989,0.99877,0.99871,0.99854,0.99823,0.99809,0.99759,0.99768,0.99758,0.99733,0.99672,0.99691,0.99655,0.99601,0.99599,0.99563,0.99541,0.99474,0.99509,0.99406,0.9939,0.99374,0.9934,0.99298,0.99238,0.99181,0.99138,0.99074,0.99059,0.98996,0.98977,0.98877,0.98903,0.98761,0.98722,0.98645,0.98687,0.98641,0.98535,0.98456,0.98411,0.9838,0.98307,0.98192,0.98161,0.98106,0.98076,0.9795,0.9789,0.97826,0.97718,0.97747,0.97661,0.97543,0.97451,0.97358,0.97303,0.97179,0.97163,0.97096,0.97062,0.97033,0.9689,0.96797,0.96704,0.96694,0.96671,0.9648
33,1,1.0,1.0,1.0,1.0,1.0,1.0,1.0,1.0,1.0,0.99998,1.0,0.99999,1.0,0.99996,0.99999,0.99998,1.0,0.99998,0.99994,0.99992,0.99994,0.99991,0.99987,0.99987,0.9998,0.99972,0.9997,0.99976,0.99963,0.99965,0.99939,0.99921,0.99928,0.99899,0.99906,0.99882,0.99884,0.99853,0.99834,0.99818,0.99802,0.99795,0.99782,0.99765,0.99733,0.99717,0.99669,0.99635,0.99608,0.99622,0.99528,0.99607,0.99532,0.99468,0.99437,0.99409,0.99397,0.99364,0.99293,0.99268,0.99194,0.99215,0.99119,0.99151,0.99034,0.99025,0.98988,0.9898,0.98918,0.98733,0.98736,0.98722,0.98661,0.98664,0.98674,0.98557,0.98467,0.98474,0.98367,0.98358,0.98126,0.98141,0.98135,0.98058,0.97986,0.97886,0.97904,0.9784,0.97712,0.97626,0.97746,0.97555,0.97443,0.97419,0.97408,0.97175,0.97222,0.97147,0.97071,0.97017
34,1,1.0,1.0,1.0,1.0,1.0,1.0,1.0,1.0,1.0,1.0,1.0,1.0,0.99999,0.99999,0.99999,0.99997,0.99999,0.99998,0.99997,0.99994,0.99994,0.99992,0.9998,0.99991,0.99992,0.9998,0.99981,0.99968,0.99968,0.99969,0.9996,0.99951,0.99941,0.99935,0.99924,0.99915,0.99904,0.99898,0.99885,0.99874,0.99878,0.99848,0.99829,0.99808,0.99793,0.99787,0.99745,0.99774,0.99722,0.99716,0.99672,0.99627,0.99605,0.99632,0.99606,0.99534,0.99523,0.9947,0.99478,0.99466,0.99384,0.99377,0.99341,0.99259,0.99285,0.99235,0.99146,0.9915,0.99093,0.99068,0.98997,0.98953,0.98943,0.98882,0.98811,0.98782,0.98744,0.9864,0.98621,0.98576,0.98534,0.98446,0.98415,0.98399,0.98291,0.98312,0.98157,0.98163,0.98097,0.98009,0.97955,0.97859,0.97927,0.97819,0.97758,0.97719,0.97546,0.97572,0.97471,0.97414
35,1,1.0,1.0,1.0,1.0,1.0,1.0,1.0,1.0,0.99999,0.99999,1.0,1.0,1.0,1.0,1.0,1.0,1.0,0.99998,0.99998,0.99993,0.99996,0.99994,0.99993,0.99987,0.99995,0.99978,0.99983,0.99981,0.99977,0.99975,0.99968,0.99966,0.99958,0.99945,0.99933,0.99943,0.99929,0.99929,0.99902,0.99913,0.99876,0.99896,0.9987,0.99835,0.99843,0.99846,0.99819,0.99784,0.99763,0.99783,0.99745,0.99711,0.99729,0.99693,0.99669,0.99638,0.99607,0.99593,0.99556,0.99531,0.99513,0.99492,0.99475,0.9942,0.9939,0.99387,0.99321,0.99279,0.99254,0.99221,0.99171,0.99186,0.99137,0.99074,0.99028,0.98961,0.989,0.98921,0.98872,0.98804,0.98839,0.98748,0.98706,0.9861,0.98643,0.98542,0.98525,0.98415,0.98389,0.98394,0.98345,0.98306,0.9818,0.98074,0.98075,0.98039,0.98008,0.97909,0.97909,0.97819
36,1,1.0,1.0,1.0,1.0,1.0,1.0,1.0,0.99999,1.0,0.99999,1.0,1.0,0.99999,1.0,1.0,0.99999,1.0,0.99999,0.99997,0.99998,0.99996,0.99999,0.99997,0.99997,0.99989,0.99992,0.99992,0.9998,0.99984,0.99978,0.99983,0.9998,0.99966,0.99975,0.99951,0.99938,0.99944,0.99948,0.99929,0.9992,0.99922,0.99894,0.99905,0.99872,0.99876,0.99874,0.99837,0.99839,0.99827,0.99801,0.99813,0.99796,0.99769,0.99777,0.99689,0.99688,0.99683,0.99686,0.99671,0.99618,0.99619,0.99606,0.99534,0.99511,0.99521,0.99501,0.99454,0.9939,0.9944,0.99323,0.99344,0.99291,0.9928,0.9926,0.99269,0.99199,0.99131,0.99145,0.99084,0.99089,0.99025,0.98938,0.98923,0.98796,0.98839,0.98777,0.98749,0.98648,0.98692,0.98576,0.98599,0.98474,0.98519,0.98463,0.98385,0.98336,0.98339,0.98248,0.98174,0.98036
37,1,1.0,1.0,1.0,1.0,1.0,1.0,1.0,1.0,1.0,1.0,1.0,1.0,1.0,1.0,1.0,1.0,1.0,0.99999,0.99999,1.0,0.99997,0.99998,0.99993,0.99998,0.99993,0.99991,0.99993,0.99989,0.99982,0.99983,0.99987,0.99981,0.9997,0.99975,0.99979,0.9995,0.99957,0.9995,0.99943,0.9995,0.99933,0.99935,0.99926,0.99927,0.9993,0.99921,0.99885,0.99857,0.99883,0.9987,0.99841,0.99841,0.99833,0.99798,0.9977,0.99756,0.99774,0.99771,0.9972,0.99716,0.99671,0.9966,0.99649,0.99657,0.99591,0.99596,0.99561,0.99568,0.99514,0.99488,0.99482,0.99427,0.99401,0.99367,0.99369,0.9932,0.99241,0.99193,0.99271,0.99186,0.99175,0.99102,0.99086,0.99081,0.99037,0.98999,0.98961,0.98896,0.98866,0.98907,0.98789,0.98754,0.98747,0.98721,0.98674,0.98607,0.98515,0.98451,0.98377,0.98312
38,1,1.0,1.0,1.0,1.0,1.0,1.0,1.0,1.0,1.0,1.0,1.0,1.0,1.0,1.0,1.0,1.0,1.0,0.99999,0.99999,1.0,1.0,0.99997,0.99997,0.99996,0.99997,0.99998,0.99998,0.99992,0.99994,0.9999,0.99989,0.99985,0.99985,0.99979,0.99984,0.99978,0.99982,0.99985,0.99961,0.99956,0.99963,0.99953,0.99957,0.99936,0.99942,0.99929,0.99912,0.99917,0.99909,0.99878,0.99879,0.99881,0.99849,0.99856,0.99833,0.99821,0.9979,0.99782,0.99751,0.99773,0.99757,0.99722,0.99745,0.99708,0.99674,0.99638,0.99662,0.99612,0.9963,0.99571,0.99577,0.9956,0.99545,0.99465,0.99429,0.99435,0.99418,0.99344,0.99368,0.99374,0.99299,0.99302,0.99238,0.99201,0.99179,0.99165,0.99134,0.99093,0.99076,0.99002,0.99057,0.98926,0.98907,0.98864,0.98829,0.98842,0.98766,0.98702,0.98639,0.98535
39,1,1.0,1.0,1.0,1.0,1.0,1.0,1.0,1.0,1.0,1.0,1.0,1.0,1.0,1.0,1.0,1.0,0.99999,0.99999,1.0,0.99998,0.99999,1.0,0.99998,0.99997,0.99997,1.0,0.99995,0.99994,0.99994,0.99995,0.99995,0.99988,0.99988,0.99986,0.99988,0.99989,0.9998,0.99982,0.99965,0.99981,0.99967,0.99967,0.99943,0.99948,0.99965,0.9995,0.99944,0.99929,0.99921,0.99913,0.99924,0.99906,0.99911,0.99886,0.99888,0.99828,0.9985,0.99826,0.99845,0.99815,0.99788,0.9979,0.99801,0.99756,0.99741,0.99746,0.99725,0.99686,0.99709,0.99675,0.99634,0.99648,0.99619,0.99577,0.99568,0.99546,0.99537,0.99479,0.9949,0.99455,0.9942,0.99415,0.99422,0.9934,0.99347,0.99316,0.99263,0.99235,0.99239,0.99244,0.99173,0.99108,0.99109,0.99083,0.98972,0.98977,0.98952,0.98943,0.98911,0.98877
40,1,1.0,1.0,1.0,1.0,1.0,1.0,1.0,1.0,1.0,0.99999,1.0,1.0,1.0,1.0,1.0,0.99999,1.0,1.0,1.0,1.0,1.0,0.99999,1.0,0.99996,0.99998,1.0,0.99997,1.0,0.99995,0.99997,0.99992,0.99991,0.99985,0.99993,0.99985,0.99983,0.99987,0.99988,0.99982,0.99973,0.99984,0.99971,0.99973,0.9997,0.9996,0.99947,0.99946,0.99935,0.99949,0.99941,0.99925,0.99923,0.99925,0.999,0.99926,0.9991,0.99877,0.99882,0.99861,0.99844,0.9987,0.99828,0.99837,0.99809,0.99798,0.99799,0.99791,0.9975,0.99747,0.99735,0.99684,0.99684,0.99715,0.99665,0.99645,0.99613,0.99621,0.99629,0.99548,0.99577,0.99527,0.99455,0.99508,0.99475,0.9944,0.99462,0.99389,0.99397,0.99341,0.99339,0.99331,0.9926,0.99239,0.99247,0.99203,0.99178,0.99061,0.99164,0.99089,0.99068
41,1,1.0,1.0,1.0,1.0,1.0,1.0,1.0,1.0,1.0,1.0,1.0,1.0,1.0,1.0,1.0,1.0,1.0,1.0,1.0,1.0,0.99999,0.99998,1.0,0.99998,1.0,0.99994,0.99995,1.0,0.99998,0.99994,0.99996,0.99994,0.99996,0.99992,0.99994,0.99991,0.99984,0.99991,0.99982,0.99976,0.99986,0.99974,0.99982,0.99982,0.99975,0.99981,0.99961,0.9997,0.99962,0.99957,0.99938,0.99952,0.99946,0.99918,0.99922,0.99926,0.99923,0.99891,0.99899,0.99901,0.99882,0.99888,0.99881,0.99869,0.99839,0.99819,0.99827,0.99792,0.99819,0.9978,0.9978,0.99766,0.99713,0.99678,0.99701,0.99685,0.99693,0.99699,0.99658,0.99637,0.99629,0.99578,0.99582,0.99563,0.99568,0.99514,0.99509,0.99468,0.99512,0.99438,0.9945,0.9942,0.99374,0.9933,0.99353,0.9933,0.99272,0.99268,0.99223,0.99199
42,1,1.0,1.0,1.0,1.0,1.0,1.0,1.0,1.0,1.0,1.0,1.0,1.0,1.0,1.0,1.0,1.0,1.0,1.0,1.0,1.0,1.0,0.99999,1.0,1.0,0.99998,0.99998,0.99999,0.99996,0.99999,0.99996,0.99997,0.99997,0.99991,0.99991,0.99996,0.99995,0.99991,0.99991,0.99988,0.9999,0.99986,0.99979,0.99981,0.99977,0.99973,0.99987,0.99972,0.99975,0.99961,0.9997,0.99971,0.99948,0.9996,0.99941,0.99945,0.99931,0.99922,0.99917,0.9992,0.99915,0.99919,0.999,0.99886,0.99883,0.99871,0.99854,0.99869,0.99839,0.9982,0.99832,0.99797,0.9982,0.99787,0.99761,0.99761,0.9973,0.99731,0.99741,0.99728,0.99703,0.99668,0.9965,0.9966,0.99646,0.99635,0.99614,0.99568,0.99565,0.99559,0.99571,0.99537,0.99501,0.99467,0.99409,0.99469,0.99388,0.99401,0.99344,0.99338,0.99289
43,1,1.0,1.0,1.0,1.0,1.0,1.0,1.0,1.0,1.0,1.0,1.0,1.0,1.0,1.0,1.0,1.0,1.0,1.0,1.0,1.0,1.0,1.0,1.0,0.99998,1.0,0.99999,1.0,0.99998,1.0,0.99997,0.99999,1.0,0.99997,0.99996,0.99999,0.99997,0.99997,0.99991,0.99991,0.99993,0.99989,0.99993,0.99983,0.99984,0.99977,0.99987,0.99982,0.99983,0.9998,0.99967,0.99975,0.99971,0.99971,0.99961,0.9995,0.99952,0.99956,0.99935,0.99936,0.99931,0.99929,0.99931,0.99916,0.99897,0.9991,0.99891,0.99884,0.99866,0.99865,0.99848,0.99869,0.9984,0.99847,0.99819,0.99811,0.99795,0.99785,0.99749,0.99772,0.99778,0.99777,0.99756,0.99736,0.99713,0.9967,0.99667,0.99668,0.99662,0.99614,0.99625,0.99611,0.99594,0.99579,0.99568,0.99555,0.99534,0.99467,0.99473,0.99448,0.99439
44,1,1.0,1.0,1.0,1.0,1.0,1.0,1.0,1.0,1.0,1.0,1.0,1.0,1.0,1.0,1.0,1.0,1.0,1.0,1.0,1.0,1.0,1.0,1.0,1.0,1.0,1.0,0.99999,1.0,0.99999,0.99999,0.99998,0.99998,0.99997,0.99999,0.99999,0.99992,0.99995,0.99999,0.99996,0.99992,0.9999,0.99989,0.99992,0.99988,0.99989,0.99985,0.99991,0.99983,0.99973,0.99979,0.99971,0.9998,0.99977,0.99961,0.99972,0.99951,0.9996,0.99965,0.9994,0.9994,0.99961,0.99937,0.99932,0.99918,0.99918,0.99917,0.99919,0.99895,0.99894,0.9989,0.99876,0.99865,0.9985,0.99864,0.99837,0.99866,0.99829,0.99809,0.99829,0.99818,0.99834,0.99807,0.99772,0.99771,0.99763,0.99729,0.9972,0.99711,0.99702,0.99696,0.99672,0.99642,0.99638,0.9965,0.99626,0.99584,0.99589,0.99568,0.99543,0.9948
45,1,1.0,1.0,1.0,1.0,1.0,1.0,1.0,1.0,1.0,1.0,1.0,1.0,1.0,1.0,1.0,1.0,1.0,1.0,1.0,1.0,1.0,1.0,1.0,1.0,0.99998,1.0,0.99999,1.0,1.0,1.0,1.0,0.99999,0.99998,1.0,0.99998,0.99998,0.99996,0.99994,0.99995,0.99996,0.99994,0.99995,0.99987,0.99993,0.99988,0.99993,0.99991,0.99984,0.99987,0.99979,0.99981,0.99977,0.99976,0.99977,0.99981,0.99972,0.9997,0.99976,0.99964,0.99968,0.9995,0.99949,0.99952,0.99958,0.99942,0.99929,0.99932,0.99915,0.99907,0.99927,0.9991,0.99893,0.99879,0.99883,0.9988,0.99891,0.99862,0.99842,0.99883,0.99838,0.99839,0.99829,0.99816,0.9982,0.99779,0.9979,0.9976,0.99779,0.9975,0.99743,0.99741,0.99753,0.99706,0.99673,0.99679,0.99692,0.9965,0.99644,0.9966,0.99632
46,1,1.0,1.0,1.0,1.0,1.0,1.0,1.0,1.0,1.0,1.0,1.0,1.0,1.0,1.0,1.0,1.0,1.0,1.0,1.0,1.0,1.0,1.0,1.0,1.0,1.0,1.0,1.0,0.99999,0.99998,0.99998,1.0,1.0,1.0,0.99999,0.99999,0.99999,0.99996,1.0,0.99996,0.99996,0.99999,0.99997,0.99992,0.99993,0.99993,0.99989,0.99991,0.9999,0.99986,0.99983,0.99991,0.99987,0.99987,0.99989,0.99988,0.99979,0.99974,0.99981,0.99969,0.99966,0.99972,0.99971,0.99968,0.99964,0.99956,0.99935,0.99942,0.99927,0.9994,0.99949,0.99929,0.99922,0.99897,0.99911,0.99892,0.99886,0.99899,0.99894,0.99898,0.99897,0.99866,0.99867,0.99843,0.99878,0.99826,0.99843,0.99823,0.99811,0.99786,0.99821,0.99781,0.99784,0.99782,0.99733,0.99747,0.99717,0.99715,0.99659,0.99679,0.99653
47,1,1.0,1.0,1.0,1.0,1.0,1.0,1.0,1.0,1.0,1.0,1.0,1.0,1.0,1.0,1.0,1.0,1.0,1.0,1.0,1.0,1.0,1.0,1.0,0.99999,1.0,1.0,1.0,1.0,0.99999,1.0,1.0,1.0,1.0,0.99999,0.99999,0.99998,0.99999,0.99999,0.99996,0.99998,0.99998,0.99998,0.99996,0.99994,0.99994,0.99998,0.99997,0.99991,0.99987,0.99988,0.99984,0.99989,0.99985,0.99988,0.99987,0.99985,0.99983,0.99977,0.99978,0.9997,0.99974,0.99958,0.99978,0.99969,0.99959,0.99962,0.99944,0.99963,0.99938,0.99948,0.99939,0.99953,0.99933,0.9993,0.99902,0.99926,0.99934,0.99897,0.99901,0.99883,0.99897,0.99889,0.99894,0.99871,0.99857,0.99863,0.99844,0.99829,0.99852,0.99811,0.99801,0.99817,0.9981,0.9977,0.99803,0.9977,0.99737,0.99768,0.99743,0.99738
48,1,1.0,1.0,1.0,1.0,1.0,1.0,1.0,1.0,1.0,1.0,1.0,1.0,1.0,1.0,1.0,1.0,1.0,1.0,1.0,1.0,1.0,0.99999,1.0,1.0,1.0,1.0,1.0,1.0,0.99999,1.0,1.0,1.0,1.0,1.0,0.99996,1.0,0.99999,0.99999,0.99999,0.99997,0.99998,0.99998,0.99997,0.99995,0.99995,0.99993,0.99996,0.99995,0.99996,0.99994,0.99997,0.99991,0.99989,0.9999,0.99987,0.9999,0.99992,0.99977,0.9998,0.99981,0.99984,0.99976,0.99963,0.99972,0.99971,0.99964,0.99974,0.99963,0.9997,0.99952,0.99965,0.99949,0.9995,0.99949,0.99929,0.99932,0.99924,0.9995,0.99924,0.99914,0.99904,0.99907,0.99909,0.99889,0.9989,0.99896,0.99879,0.99892,0.9987,0.99853,0.99845,0.99859,0.99857,0.99824,0.99816,0.99808,0.99821,0.99793,0.99786,0.99784
49,1,1.0,1.0,1.0,1.0,1.0,1.0,1.0,1.0,1.0,1.0,1.0,1.0,1.0,1.0,1.0,1.0,1.0,1.0,1.0,1.0,1.0,1.0,1.0,1.0,1.0,1.0,1.0,1.0,1.0,1.0,1.0,1.0,1.0,1.0,1.0,0.99999,1.0,0.99999,1.0,0.99998,0.99999,0.99999,0.99999,0.99999,0.99998,0.99993,0.99995,0.99995,0.99995,0.99993,0.99995,0.99994,0.99996,0.9999,0.99985,0.99993,0.99994,0.99993,0.99984,0.99986,0.99978,0.9999,0.99982,0.99981,0.99989,0.99978,0.9997,0.99974,0.99976,0.99959,0.99969,0.99958,0.99957,0.99952,0.99956,0.99955,0.99951,0.99943,0.99958,0.99933,0.99929,0.99937,0.99938,0.99925,0.99911,0.9991,0.9991,0.99904,0.99892,0.99881,0.99869,0.99879,0.99882,0.99858,0.9987,0.99843,0.99848,0.99858,0.99833,0.99828
50,1,1.0,1.0,1.0,1.0,1.0,1.0,1.0,1.0,1.0,1.0,1.0,1.0,1.0,1.0,1.0,1.0,1.0,1.0,1.0,1.0,1.0,1.0,1.0,1.0,1.0,1.0,1.0,1.0,1.0,1.0,1.0,1.0,0.99999,0.99999,0.99999,0.99999,0.99999,1.0,0.99999,1.0,1.0,0.99998,0.99999,0.99999,1.0,0.99997,0.99998,0.99998,0.99998,0.99998,0.99995,0.99998,0.99996,0.99993,0.99995,0.99991,0.9999,0.99988,0.99987,0.99987,0.99994,0.99988,0.99985,0.99985,0.99981,0.99985,0.99987,0.99978,0.9998,0.99976,0.99971,0.99977,0.99969,0.99968,0.99962,0.99969,0.99955,0.99965,0.99949,0.99954,0.99945,0.99942,0.99931,0.99938,0.99938,0.99934,0.99927,0.99927,0.99924,0.99905,0.99918,0.999,0.99899,0.99899,0.99875,0.99874,0.99869,0.99864,0.99868,0.99867
51,1,1.0,1.0,1.0,1.0,1.0,1.0,1.0,1.0,1.0,1.0,1.0,1.0,1.0,1.0,1.0,1.0,1.0,1.0,1.0,1.0,1.0,1.0,1.0,1.0,1.0,1.0,1.0,1.0,1.0,1.0,1.0,1.0,1.0,1.0,1.0,1.0,1.0,1.0,1.0,1.0,0.99999,0.99999,1.0,0.99998,0.99998,0.99997,0.99999,0.99997,0.99998,0.99998,0.99997,0.99999,0.99998,0.99999,0.99997,0.99999,0.99991,0.99993,0.99993,0.99992,0.99993,0.99991,0.99989,0.99993,0.9999,0.99984,0.99987,0.99981,0.99985,0.99983,0.99978,0.99986,0.99971,0.9997,0.99957,0.99959,0.99965,0.99961,0.99958,0.99953,0.99956,0.99952,0.99938,0.99959,0.99952,0.99944,0.99942,0.99932,0.99923,0.99941,0.99924,0.99911,0.9991,0.99914,0.99912,0.99882,0.99895,0.99895,0.99874,0.9987
52,1,1.0,1.0,1.0,1.0,1.0,1.0,1.0,1.0,1.0,1.0,1.0,1.0,1.0,1.0,1.0,1.0,1.0,1.0,1.0,1.0,1.0,1.0,1.0,1.0,0.99999,1.0,1.0,1.0,1.0,1.0,1.0,1.0,1.0,1.0,1.0,1.0,0.99999,1.0,0.99999,1.0,1.0,1.0,0.99999,1.0,1.0,1.0,0.99999,0.99999,0.99998,0.99998,0.99999,0.99999,0.99994,0.99998,0.99999,0.99999,0.99996,0.99996,0.99995,0.99996,0.9999,0.99993,0.99988,0.99989,0.99992,0.99988,0.99982,0.99988,0.99985,0.99988,0.99985,0.99984,0.9998,0.9998,0.99975,0.99977,0.99971,0.99973,0.99975,0.9996,0.99969,0.99972,0.99961,0.99962,0.99964,0.99946,0.99953,0.99946,0.99952,0.99942,0.9993,0.9993,0.99932,0.99929,0.99927,0.99931,0.99927,0.99911,0.99897,0.99905
53,1,1.0,1.0,1.0,1.0,1.0,1.0,1.0,1.0,1.0,1.0,1.0,1.0,1.0,1.0,1.0,1.0,1.0,1.0,1.0,1.0,1.0,1.0,1.0,1.0,1.0,1.0,1.0,1.0,1.0,1.0,1.0,1.0,1.0,1.0,1.0,1.0,1.0,1.0,1.0,1.0,1.0,1.0,1.0,1.0,1.0,0.99998,0.99997,0.99998,1.0,0.99998,0.99995,0.99999,0.99997,0.99997,0.99997,0.99998,0.99999,0.99997,0.99994,0.99991,0.99994,0.99994,0.99998,0.99993,0.99993,0.99992,0.99994,0.9999,0.99993,0.99991,0.99986,0.99989,0.99987,0.99985,0.99985,0.9998,0.99984,0.99982,0.99974,0.99985,0.9998,0.99969,0.9996,0.99976,0.99973,0.99962,0.99958,0.99956,0.99954,0.99948,0.99959,0.99933,0.99927,0.99932,0.99929,0.99936,0.9993,0.99932,0.9991,0.99929
54,1,1.0,1.0,1.0,1.0,1.0,1.0,1.0,1.0,1.0,1.0,1.0,1.0,1.0,1.0,1.0,1.0,1.0,1.0,1.0,1.0,1.0,1.0,1.0,1.0,1.0,1.0,1.0,0.99999,1.0,1.0,1.0,1.0,1.0,1.0,1.0,1.0,1.0,1.0,1.0,1.0,0.99999,1.0,0.99999,1.0,1.0,0.99999,0.99998,1.0,0.99998,0.99998,0.99998,0.99999,0.99999,1.0,0.99998,0.99997,0.99999,0.99996,0.99996,0.99994,0.99998,0.99994,0.99994,0.99994,0.99994,0.99996,0.9999,0.99989,0.99993,0.99992,0.99989,0.99986,0.99982,0.99984,0.99985,0.99987,0.99987,0.99984,0.99982,0.99983,0.99981,0.99983,0.9997,0.99971,0.99983,0.99959,0.9996,0.99957,0.99964,0.9995,0.99957,0.99965,0.99953,0.99957,0.99941,0.99951,0.99936,0.99924,0.9996,0.99942
55,1,1.0,1.0,1.0,1.0,1.0,1.0,1.0,1.0,1.0,1.0,1.0,1.0,1.0,1.0,1.0,1.0,1.0,1.0,1.0,1.0,1.0,1.0,1.0,1.0,1.0,1.0,1.0,1.0,1.0,1.0,1.0,1.0,1.0,1.0,1.0,1.0,1.0,1.0,1.0,1.0,1.0,1.0,1.0,1.0,0.99999,1.0,0.99999,1.0,1.0,1.0,1.0,0.99999,0.99999,1.0,0.99999,0.99998,0.99999,0.99999,0.99998,0.99998,0.99997,0.99997,0.99999,0.99996,0.99998,0.99995,0.99994,0.99994,0.99993,0.99992,0.99992,0.99993,0.99994,0.99983,0.9999,0.99989,0.99987,0.99984,0.99984,0.99983,0.9999,0.99977,0.99986,0.99975,0.99982,0.99982,0.99976,0.99979,0.99973,0.99974,0.99963,0.99965,0.99969,0.9996,0.99962,0.99958,0.99947,0.99963,0.99958,0.99946
56,1,1.0,1.0,1.0,1.0,1.0,1.0,1.0,1.0,1.0,1.0,1.0,1.0,1.0,1.0,1.0,1.0,1.0,1.0,1.0,1.0,1.0,1.0,1.0,1.0,1.0,1.0,1.0,1.0,1.0,1.0,1.0,1.0,1.0,1.0,1.0,1.0,1.0,1.0,1.0,1.0,1.0,1.0,1.0,1.0,1.0,1.0,1.0,1.0,1.0,1.0,1.0,0.99999,1.0,0.99999,0.99999,1.0,0.99999,0.99998,0.99999,0.99997,0.99997,0.99998,0.99998,0.99999,0.99996,0.99999,0.99997,0.99994,0.99999,0.99995,0.99997,0.99987,0.99995,0.9999,0.99989,0.99995,0.99994,0.99988,0.99989,0.99993,0.99993,0.99984,0.99981,0.99979,0.99981,0.99975,0.99975,0.99977,0.99981,0.9998,0.99977,0.99974,0.99975,0.99966,0.99959,0.99966,0.99969,0.9996,0.99961,0.9996
57,1,1.0,1.0,1.0,1.0,1.0,1.0,1.0,1.0,1.0,1.0,1.0,1.0,1.0,1.0,1.0,1.0,1.0,1.0,1.0,1.0,1.0,1.0,1.0,1.0,1.0,1.0,1.0,1.0,1.0,1.0,1.0,1.0,1.0,1.0,1.0,1.0,1.0,1.0,1.0,1.0,1.0,1.0,1.0,1.0,1.0,1.0,1.0,1.0,1.0,1.0,0.99997,0.99999,0.99999,1.0,1.0,0.99999,0.99999,0.99998,1.0,0.99999,0.99999,1.0,1.0,0.99997,0.99998,0.99999,0.99991,1.0,0.99998,0.99993,0.99998,0.99996,0.99997,0.99992,0.99996,0.99993,0.99995,0.99997,0.99984,0.99998,0.99983,0.99987,0.99983,0.99986,0.99985,0.99981,0.9999,0.99985,0.99982,0.99987,0.99983,0.9998,0.99976,0.9998,0.99975,0.99968,0.99971,0.99976,0.99965,0.99962
58,1,1.0,1.0,1.0,1.0,1.0,1.0,1.0,1.0,1.0,1.0,1.0,1.0,1.0,1.0,1.0,1.0,1.0,1.0,1.0,1.0,1.0,1.0,1.0,1.0,1.0,1.0,1.0,1.0,1.0,1.0,1.0,1.0,1.0,1.0,1.0,1.0,1.0,1.0,1.0,1.0,1.0,1.0,1.0,0.99999,1.0,0.99999,1.0,1.0,1.0,1.0,1.0,0.99999,1.0,1.0,1.0,1.0,0.99997,0.99999,1.0,0.99999,0.99999,0.99997,0.99999,0.99999,0.99998,1.0,0.99998,0.99997,0.99998,0.99999,0.99997,0.99997,0.99995,0.99991,0.99993,0.99995,0.9999,0.99989,0.99994,0.99996,0.99993,0.99991,0.99992,0.99994,0.99991,0.99989,0.99994,0.99988,0.99986,0.99976,0.99984,0.99988,0.99982,0.99982,0.99978,0.99977,0.99971,0.99967,0.99976,0.99979
59,1,1.0,1.0,1.0,1.0,1.0,1.0,1.0,1.0,1.0,1.0,1.0,1.0,1.0,1.0,1.0,1.0,1.0,1.0,1.0,1.0,1.0,1.0,1.0,1.0,1.0,1.0,1.0,1.0,1.0,1.0,1.0,1.0,1.0,1.0,1.0,1.0,1.0,1.0,1.0,1.0,1.0,1.0,1.0,1.0,1.0,1.0,1.0,1.0,1.0,1.0,1.0,0.99999,1.0,1.0,0.99999,1.0,1.0,1.0,1.0,1.0,1.0,1.0,0.99998,0.99999,0.99996,0.99998,0.99999,0.99995,0.99997,0.99999,0.99999,0.99998,0.99998,0.99997,0.99996,0.99995,0.99995,0.99993,0.99997,0.99993,0.99996,0.99994,0.99996,0.99983,0.99989,0.99992,0.99988,0.99985,0.99989,0.99983,0.99989,0.99989,0.99988,0.99983,0.99982,0.99981,0.99978,0.99978,0.99977,0.99974
60,1,1.0,1.0,1.0,1.0,1.0,1.0,1.0,1.0,1.0,1.0,1.0,1.0,1.0,1.0,1.0,1.0,1.0,1.0,1.0,1.0,1.0,1.0,1.0,1.0,1.0,1.0,1.0,1.0,1.0,1.0,1.0,1.0,1.0,1.0,1.0,1.0,1.0,1.0,1.0,1.0,1.0,1.0,1.0,1.0,1.0,1.0,1.0,1.0,1.0,1.0,1.0,1.0,1.0,1.0,1.0,0.99999,1.0,1.0,1.0,1.0,1.0,1.0,1.0,0.99998,0.99998,0.99998,1.0,0.99996,1.0,0.99997,0.99998,1.0,0.99998,0.99999,0.99998,0.99998,0.99997,0.99997,0.99996,0.99991,0.99995,0.99991,0.99993,0.99997,0.99994,0.99987,0.99992,0.99992,0.99987,0.9999,0.99989,0.9999,0.99985,0.99992,0.99983,0.99991,0.99984,0.99987,0.99981,0.99984
61,1,1.0,1.0,1.0,1.0,1.0,1.0,1.0,1.0,1.0,1.0,1.0,1.0,1.0,1.0,1.0,1.0,1.0,1.0,1.0,1.0,1.0,1.0,1.0,1.0,1.0,1.0,1.0,1.0,1.0,1.0,1.0,1.0,1.0,1.0,1.0,1.0,1.0,1.0,1.0,1.0,1.0,1.0,1.0,1.0,1.0,1.0,1.0,1.0,1.0,1.0,1.0,1.0,1.0,1.0,0.99999,1.0,1.0,0.99999,1.0,0.99999,0.99998,1.0,1.0,1.0,0.99999,1.0,0.99999,0.99999,1.0,0.99997,1.0,0.99996,0.99996,1.0,0.99999,0.99999,0.99995,0.99998,0.99993,1.0,0.99999,0.99997,0.99997,0.99993,0.99993,0.99995,0.99997,0.99991,0.99993,0.99992,0.99991,0.99984,0.99993,0.9999,0.9999,0.99988,0.99984,0.99993,0.99986,0.99989
62,1,1.0,1.0,1.0,1.0,1.0,1.0,1.0,1.0,1.0,1.0,1.0,1.0,1.0,1.0,1.0,1.0,1.0,1.0,1.0,1.0,1.0,1.0,1.0,1.0,1.0,1.0,1.0,1.0,1.0,1.0,1.0,1.0,1.0,1.0,1.0,1.0,1.0,1.0,1.0,1.0,1.0,1.0,1.0,1.0,0.99999,1.0,1.0,1.0,1.0,1.0,1.0,1.0,1.0,1.0,1.0,1.0,0.99999,1.0,1.0,1.0,1.0,1.0,1.0,0.99999,0.99999,0.99999,0.99999,0.99997,0.99998,1.0,0.99998,0.99999,0.99998,0.99997,0.99998,0.99999,0.99999,0.99998,0.99999,0.99995,0.99997,0.99996,0.99998,0.99994,0.99996,0.99995,0.99994,0.99993,0.99993,0.99998,0.99998,0.99993,0.99994,0.99995,0.99992,0.99985,0.9999,0.99987,0.99994,0.99988
63,1,1.0,1.0,1.0,1.0,1.0,1.0,1.0,1.0,1.0,1.0,1.0,1.0,1.0,1.0,1.0,1.0,1.0,1.0,1.0,1.0,1.0,1.0,1.0,1.0,1.0,1.0,1.0,1.0,1.0,1.0,1.0,1.0,1.0,1.0,1.0,1.0,1.0,1.0,1.0,1.0,1.0,1.0,1.0,1.0,1.0,1.0,1.0,1.0,1.0,1.0,1.0,1.0,1.0,1.0,1.0,1.0,1.0,1.0,1.0,1.0,1.0,1.0,0.99999,0.99999,0.99999,1.0,1.0,1.0,0.99998,0.99999,1.0,1.0,0.99999,0.99997,1.0,0.99999,1.0,1.0,0.99999,0.99999,0.99996,1.0,0.99997,0.99991,0.99997,0.99997,0.99994,0.99997,0.99997,0.99994,0.99994,0.99994,0.99994,0.99993,0.99993,0.99991,0.99992,0.99992,0.99991,0.99987
64,1,1.0,1.0,1.0,1.0,1.0,1.0,1.0,1.0,1.0,1.0,1.0,1.0,1.0,1.0,1.0,1.0,1.0,1.0,1.0,1.0,1.0,1.0,1.0,1.0,1.0,1.0,1.0,1.0,1.0,1.0,1.0,1.0,1.0,1.0,1.0,1.0,1.0,1.0,1.0,1.0,1.0,1.0,1.0,1.0,1.0,1.0,1.0,1.0,1.0,1.0,1.0,1.0,1.0,1.0,1.0,1.0,0.99999,1.0,1.0,1.0,1.0,0.99999,1.0,0.99999,0.99998,1.0,0.99999,1.0,1.0,1.0,0.99999,1.0,0.99999,0.99999,0.99999,0.99998,0.99997,0.99997,0.99999,0.99998,0.99998,0.99994,0.99998,0.99997,0.99997,1.0,0.99998,0.99998,0.99996,0.99995,0.99997,0.99993,0.99997,0.99994,0.99996,0.99995,0.99994,0.99991,0.99995,0.99993
65,1,1.0,1.0,1.0,1.0,1.0,1.0,1.0,1.0,1.0,1.0,1.0,1.0,1.0,1.0,1.0,1.0,1.0,1.0,1.0,1.0,1.0,1.0,1.0,1.0,1.0,1.0,1.0,1.0,1.0,1.0,1.0,1.0,1.0,1.0,1.0,1.0,1.0,1.0,1.0,1.0,1.0,1.0,1.0,1.0,1.0,1.0,1.0,1.0,1.0,1.0,1.0,1.0,1.0,1.0,1.0,1.0,1.0,1.0,1.0,1.0,1.0,1.0,1.0,1.0,1.0,1.0,1.0,1.0,0.99999,0.99999,1.0,0.99999,0.99999,0.99997,1.0,0.99998,0.99999,0.99997,1.0,1.0,0.99999,0.99999,0.99999,0.99999,1.0,0.99999,0.99998,0.99999,0.99999,0.99997,0.99997,0.99999,0.99997,0.99998,0.99996,0.99997,0.99997,0.99998,0.99997,0.99994
66,1,1.0,1.0,1.0,1.0,1.0,1.0,1.0,1.0,1.0,1.0,1.0,1.0,1.0,1.0,1.0,1.0,1.0,1.0,1.0,1.0,1.0,1.0,1.0,1.0,1.0,1.0,1.0,1.0,1.0,1.0,1.0,1.0,1.0,1.0,1.0,1.0,1.0,1.0,1.0,1.0,1.0,1.0,1.0,1.0,1.0,1.0,1.0,1.0,1.0,1.0,1.0,1.0,1.0,1.0,1.0,1.0,1.0,1.0,1.0,1.0,1.0,1.0,1.0,0.99999,1.0,1.0,0.99999,1.0,0.99999,1.0,1.0,1.0,1.0,0.99999,0.99998,0.99999,1.0,1.0,0.99999,0.99998,1.0,0.99999,0.99998,0.99999,1.0,1.0,1.0,1.0,0.99994,1.0,0.99996,1.0,0.99997,0.99996,0.99996,0.99997,0.99993,0.99996,0.99997,0.99993
67,1,1.0,1.0,1.0,1.0,1.0,1.0,1.0,1.0,1.0,1.0,1.0,1.0,1.0,1.0,1.0,1.0,1.0,1.0,1.0,1.0,1.0,1.0,1.0,1.0,1.0,1.0,1.0,1.0,1.0,1.0,1.0,1.0,1.0,1.0,1.0,1.0,1.0,1.0,1.0,1.0,1.0,1.0,1.0,1.0,1.0,1.0,1.0,1.0,1.0,1.0,1.0,1.0,1.0,1.0,1.0,1.0,1.0,1.0,1.0,1.0,1.0,1.0,1.0,1.0,1.0,1.0,0.99999,1.0,1.0,1.0,1.0,0.99998,0.99999,1.0,0.99999,1.0,1.0,1.0,1.0,0.99999,0.99999,1.0,0.99999,1.0,0.99999,1.0,0.99997,0.99996,0.99999,0.99996,0.99999,0.99999,0.99995,1.0,1.0,0.99996,0.99995,0.99998,0.99994,0.99997
68,1,1.0,1.0,1.0,1.0,1.0,1.0,1.0,1.0,1.0,1.0,1.0,1.0,1.0,1.0,1.0,1.0,1.0,1.0,1.0,1.0,1.0,1.0,1.0,1.0,1.0,1.0,1.0,1.0,1.0,1.0,1.0,1.0,1.0,1.0,1.0,1.0,1.0,1.0,1.0,1.0,1.0,1.0,1.0,1.0,1.0,1.0,1.0,1.0,1.0,1.0,1.0,1.0,1.0,1.0,1.0,1.0,1.0,1.0,1.0,1.0,1.0,0.99999,1.0,1.0,1.0,1.0,1.0,1.0,1.0,1.0,1.0,1.0,1.0,1.0,1.0,1.0,1.0,0.99999,1.0,1.0,0.99999,0.99997,0.99999,0.99999,0.99998,0.99999,0.99999,0.99999,0.99998,0.99999,0.99997,0.99999,0.99998,0.99999,0.99996,0.99999,1.0,0.99994,1.0,0.99996
69,1,1.0,1.0,1.0,1.0,1.0,1.0,1.0,1.0,1.0,1.0,1.0,1.0,1.0,1.0,1.0,1.0,1.0,1.0,1.0,1.0,1.0,1.0,1.0,1.0,1.0,1.0,1.0,1.0,1.0,1.0,1.0,1.0,1.0,1.0,1.0,1.0,1.0,1.0,1.0,1.0,1.0,1.0,1.0,1.0,1.0,1.0,1.0,1.0,1.0,1.0,1.0,1.0,1.0,1.0,1.0,1.0,1.0,1.0,1.0,1.0,0.99999,0.99999,1.0,1.0,1.0,1.0,0.99999,1.0,1.0,1.0,0.99999,1.0,1.0,1.0,1.0,1.0,1.0,0.99999,0.99998,1.0,0.99999,0.99999,0.99999,1.0,1.0,1.0,0.99999,0.99999,0.99999,1.0,0.99999,0.99997,0.99999,0.99999,0.99997,0.99998,1.0,1.0,0.99996,0.99997
70,1,1.0,1.0,1.0,1.0,1.0,1.0,1.0,1.0,1.0,1.0,1.0,1.0,1.0,1.0,1.0,1.0,1.0,1.0,1.0,1.0,1.0,1.0,1.0,1.0,1.0,1.0,1.0,1.0,1.0,1.0,1.0,1.0,1.0,1.0,1.0,1.0,1.0,1.0,1.0,1.0,1.0,1.0,1.0,1.0,1.0,1.0,1.0,1.0,1.0,1.0,1.0,1.0,1.0,1.0,1.0,1.0,1.0,1.0,1.0,1.0,1.0,1.0,1.0,1.0,1.0,1.0,1.0,1.0,1.0,1.0,1.0,1.0,1.0,1.0,1.0,1.0,0.99999,1.0,1.0,0.99999,1.0,0.99999,1.0,0.99998,0.99999,1.0,1.0,0.99999,1.0,0.99998,0.99999,0.99999,1.0,0.99997,0.99999,0.99999,0.99998,1.0,0.99996,1.0
71,1,1.0,1.0,1.0,1.0,1.0,1.0,1.0,1.0,1.0,1.0,1.0,1.0,1.0,1.0,1.0,1.0,1.0,1.0,1.0,1.0,1.0,1.0,1.0,1.0,1.0,1.0,1.0,1.0,1.0,1.0,1.0,1.0,1.0,1.0,1.0,1.0,1.0,1.0,1.0,1.0,1.0,1.0,1.0,1.0,1.0,1.0,1.0,1.0,1.0,1.0,1.0,1.0,1.0,1.0,1.0,1.0,1.0,1.0,1.0,1.0,1.0,1.0,1.0,1.0,1.0,1.0,1.0,1.0,1.0,1.0,1.0,1.0,1.0,1.0,1.0,1.0,1.0,1.0,1.0,0.99999,1.0,0.99999,1.0,0.99999,1.0,0.99999,1.0,0.99998,1.0,1.0,1.0,1.0,1.0,0.99999,0.99998,0.99999,0.99998,0.99999,0.99999,0.99998
72,1,1.0,1.0,1.0,1.0,1.0,1.0,1.0,1.0,1.0,1.0,1.0,1.0,1.0,1.0,1.0,1.0,1.0,1.0,1.0,1.0,1.0,1.0,1.0,1.0,1.0,1.0,1.0,1.0,1.0,1.0,1.0,1.0,1.0,1.0,1.0,1.0,1.0,1.0,1.0,1.0,1.0,1.0,1.0,1.0,1.0,1.0,1.0,1.0,1.0,1.0,1.0,1.0,1.0,1.0,1.0,1.0,1.0,1.0,1.0,1.0,1.0,1.0,1.0,1.0,1.0,1.0,1.0,1.0,1.0,1.0,1.0,1.0,1.0,1.0,1.0,0.99999,1.0,1.0,1.0,1.0,0.99998,1.0,1.0,0.99999,1.0,1.0,0.99999,1.0,1.0,1.0,1.0,1.0,0.99999,0.99999,0.99997,1.0,1.0,1.0,1.0,0.99999
73,1,1.0,1.0,1.0,1.0,1.0,1.0,1.0,1.0,1.0,1.0,1.0,1.0,1.0,1.0,1.0,1.0,1.0,1.0,1.0,1.0,1.0,1.0,1.0,1.0,1.0,1.0,1.0,1.0,1.0,1.0,1.0,1.0,1.0,1.0,1.0,1.0,1.0,1.0,1.0,1.0,1.0,1.0,1.0,1.0,1.0,1.0,1.0,1.0,1.0,1.0,1.0,1.0,1.0,1.0,1.0,1.0,1.0,1.0,1.0,1.0,1.0,1.0,1.0,1.0,1.0,1.0,1.0,1.0,1.0,1.0,1.0,1.0,1.0,1.0,1.0,1.0,1.0,1.0,1.0,1.0,0.99999,1.0,1.0,1.0,1.0,1.0,1.0,1.0,1.0,1.0,1.0,1.0,0.99998,0.99998,0.99999,1.0,0.99999,0.99999,1.0,0.99999
74,1,1.0,1.0,1.0,1.0,1.0,1.0,1.0,1.0,1.0,1.0,1.0,1.0,1.0,1.0,1.0,1.0,1.0,1.0,1.0,1.0,1.0,1.0,1.0,1.0,1.0,1.0,1.0,1.0,1.0,1.0,1.0,1.0,1.0,1.0,1.0,1.0,1.0,1.0,1.0,1.0,1.0,1.0,1.0,1.0,1.0,1.0,1.0,1.0,1.0,1.0,1.0,1.0,1.0,1.0,1.0,1.0,1.0,1.0,1.0,1.0,1.0,1.0,1.0,1.0,1.0,1.0,1.0,1.0,1.0,1.0,1.0,1.0,1.0,1.0,1.0,1.0,1.0,1.0,1.0,1.0,1.0,1.0,0.99999,1.0,1.0,1.0,1.0,1.0,1.0,1.0,0.99999,1.0,1.0,1.0,1.0,1.0,1.0,1.0,0.99999,0.99998
75,1,1.0,1.0,1.0,1.0,1.0,1.0,1.0,1.0,1.0,1.0,1.0,1.0,1.0,1.0,1.0,1.0,1.0,1.0,1.0,1.0,1.0,1.0,1.0,1.0,1.0,1.0,1.0,1.0,1.0,1.0,1.0,1.0,1.0,1.0,1.0,1.0,1.0,1.0,1.0,1.0,1.0,1.0,1.0,1.0,1.0,1.0,1.0,1.0,1.0,1.0,1.0,1.0,1.0,1.0,1.0,1.0,1.0,1.0,1.0,1.0,1.0,1.0,1.0,1.0,1.0,1.0,1.0,1.0,1.0,1.0,1.0,1.0,1.0,1.0,1.0,1.0,0.99999,1.0,1.0,1.0,1.0,1.0,1.0,1.0,1.0,1.0,1.0,1.0,1.0,1.0,0.99999,0.99999,1.0,1.0,1.0,0.99999,0.99999,0.99999,0.99999,0.99999
76,1,1.0,1.0,1.0,1.0,1.0,1.0,1.0,1.0,1.0,1.0,1.0,1.0,1.0,1.0,1.0,1.0,1.0,1.0,1.0,1.0,1.0,1.0,1.0,1.0,1.0,1.0,1.0,1.0,1.0,1.0,1.0,1.0,1.0,1.0,1.0,1.0,1.0,1.0,1.0,1.0,1.0,1.0,1.0,1.0,1.0,1.0,1.0,1.0,1.0,1.0,1.0,1.0,1.0,1.0,1.0,1.0,1.0,1.0,1.0,1.0,1.0,1.0,1.0,1.0,1.0,1.0,1.0,1.0,1.0,1.0,1.0,1.0,1.0,1.0,1.0,1.0,1.0,1.0,1.0,1.0,1.0,1.0,1.0,1.0,1.0,1.0,0.99999,0.99999,1.0,1.0,1.0,1.0,1.0,1.0,1.0,1.0,1.0,1.0,1.0,0.99999
77,1,1.0,1.0,1.0,1.0,1.0,1.0,1.0,1.0,1.0,1.0,1.0,1.0,1.0,1.0,1.0,1.0,1.0,1.0,1.0,1.0,1.0,1.0,1.0,1.0,1.0,1.0,1.0,1.0,1.0,1.0,1.0,1.0,1.0,1.0,1.0,1.0,1.0,1.0,1.0,1.0,1.0,1.0,1.0,1.0,1.0,1.0,1.0,1.0,1.0,1.0,1.0,1.0,1.0,1.0,1.0,1.0,1.0,1.0,1.0,1.0,1.0,1.0,1.0,1.0,1.0,1.0,1.0,1.0,1.0,1.0,0.99999,1.0,1.0,1.0,1.0,1.0,1.0,1.0,1.0,1.0,1.0,1.0,1.0,1.0,1.0,1.0,0.99999,0.99999,1.0,0.99999,1.0,1.0,1.0,1.0,1.0,0.99999,1.0,0.99999,1.0,0.99999
78,1,1.0,1.0,1.0,1.0,1.0,1.0,1.0,1.0,1.0,1.0,1.0,1.0,1.0,1.0,1.0,1.0,1.0,1.0,1.0,1.0,1.0,1.0,1.0,1.0,1.0,1.0,1.0,1.0,1.0,1.0,1.0,1.0,1.0,1.0,1.0,1.0,1.0,1.0,1.0,1.0,1.0,1.0,1.0,1.0,1.0,1.0,1.0,1.0,1.0,1.0,1.0,1.0,1.0,1.0,1.0,1.0,1.0,1.0,1.0,1.0,1.0,1.0,1.0,1.0,1.0,1.0,1.0,1.0,1.0,1.0,1.0,1.0,1.0,1.0,1.0,1.0,1.0,1.0,1.0,1.0,1.0,1.0,1.0,1.0,1.0,1.0,1.0,1.0,1.0,1.0,1.0,0.99999,1.0,1.0,1.0,1.0,1.0,1.0,0.99999,0.99999
79,1,1.0,1.0,1.0,1.0,1.0,1.0,1.0,1.0,1.0,1.0,1.0,1.0,1.0,1.0,1.0,1.0,1.0,1.0,1.0,1.0,1.0,1.0,1.0,1.0,1.0,1.0,1.0,1.0,1.0,1.0,1.0,1.0,1.0,1.0,1.0,1.0,1.0,1.0,1.0,1.0,1.0,1.0,1.0,1.0,1.0,1.0,1.0,1.0,1.0,1.0,1.0,1.0,1.0,1.0,1.0,1.0,1.0,1.0,1.0,1.0,1.0,1.0,1.0,1.0,1.0,1.0,1.0,1.0,1.0,1.0,1.0,1.0,1.0,1.0,1.0,1.0,1.0,1.0,1.0,1.0,1.0,1.0,1.0,1.0,1.0,1.0,1.0,1.0,1.0,1.0,0.99999,1.0,1.0,1.0,1.0,1.0,1.0,0.99999,1.0,1.0
80,1,1.0,1.0,1.0,1.0,1.0,1.0,1.0,1.0,1.0,1.0,1.0,1.0,1.0,1.0,1.0,1.0,1.0,1.0,1.0,1.0,1.0,1.0,1.0,1.0,1.0,1.0,1.0,1.0,1.0,1.0,1.0,1.0,1.0,1.0,1.0,1.0,1.0,1.0,1.0,1.0,1.0,1.0,1.0,1.0,1.0,1.0,1.0,1.0,1.0,1.0,1.0,1.0,1.0,1.0,1.0,1.0,1.0,1.0,1.0,1.0,1.0,1.0,1.0,1.0,1.0,1.0,1.0,1.0,1.0,1.0,1.0,1.0,1.0,1.0,1.0,1.0,1.0,1.0,1.0,1.0,1.0,1.0,1.0,1.0,1.0,1.0,1.0,0.99999,1.0,1.0,1.0,1.0,1.0,1.0,1.0,0.99998,1.0,1.0,1.0,1.0
81,1,1.0,1.0,1.0,1.0,1.0,1.0,1.0,1.0,1.0,1.0,1.0,1.0,1.0,1.0,1.0,1.0,1.0,1.0,1.0,1.0,1.0,1.0,1.0,1.0,1.0,1.0,1.0,1.0,1.0,1.0,1.0,1.0,1.0,1.0,1.0,1.0,1.0,1.0,1.0,1.0,1.0,1.0,1.0,1.0,1.0,1.0,1.0,1.0,1.0,1.0,1.0,1.0,1.0,1.0,1.0,1.0,1.0,1.0,1.0,1.0,1.0,1.0,1.0,1.0,1.0,1.0,1.0,1.0,1.0,1.0,1.0,1.0,1.0,1.0,1.0,1.0,1.0,1.0,1.0,1.0,1.0,1.0,1.0,1.0,1.0,1.0,1.0,1.0,1.0,1.0,1.0,1.0,1.0,1.0,1.0,1.0,1.0,1.0,1.0,1.0
82,1,1.0,1.0,1.0,1.0,1.0,1.0,1.0,1.0,1.0,1.0,1.0,1.0,1.0,1.0,1.0,1.0,1.0,1.0,1.0,1.0,1.0,1.0,1.0,1.0,1.0,1.0,1.0,1.0,1.0,1.0,1.0,1.0,1.0,1.0,1.0,1.0,1.0,1.0,1.0,1.0,1.0,1.0,1.0,1.0,1.0,1.0,1.0,1.0,1.0,1.0,1.0,1.0,1.0,1.0,1.0,1.0,1.0,1.0,1.0,1.0,1.0,1.0,1.0,1.0,1.0,1.0,1.0,1.0,1.0,1.0,1.0,1.0,1.0,1.0,1.0,1.0,1.0,1.0,1.0,1.0,1.0,1.0,1.0,1.0,1.0,1.0,1.0,1.0,1.0,1.0,1.0,0.99999,1.0,0.99999,1.0,0.99999,1.0,1.0,1.0,1.0
83,1,1.0,1.0,1.0,1.0,1.0,1.0,1.0,1.0,1.0,1.0,1.0,1.0,1.0,1.0,1.0,1.0,1.0,1.0,1.0,1.0,1.0,1.0,1.0,1.0,1.0,1.0,1.0,1.0,1.0,1.0,1.0,1.0,1.0,1.0,1.0,1.0,1.0,1.0,1.0,1.0,1.0,1.0,1.0,1.0,1.0,1.0,1.0,1.0,1.0,1.0,1.0,1.0,1.0,1.0,1.0,1.0,1.0,1.0,1.0,1.0,1.0,1.0,1.0,1.0,1.0,1.0,1.0,1.0,1.0,1.0,1.0,1.0,1.0,1.0,1.0,1.0,1.0,1.0,1.0,1.0,1.0,1.0,1.0,1.0,1.0,1.0,1.0,1.0,1.0,1.0,1.0,1.0,1.0,1.0,1.0,1.0,1.0,1.0,1.0,1.0
84,1,1.0,1.0,1.0,1.0,1.0,1.0,1.0,1.0,1.0,1.0,1.0,1.0,1.0,1.0,1.0,1.0,1.0,1.0,1.0,1.0,1.0,1.0,1.0,1.0,1.0,1.0,1.0,1.0,1.0,1.0,1.0,1.0,1.0,1.0,1.0,1.0,1.0,1.0,1.0,1.0,1.0,1.0,1.0,1.0,1.0,1.0,1.0,1.0,1.0,1.0,1.0,1.0,1.0,1.0,1.0,1.0,1.0,1.0,1.0,1.0,1.0,1.0,1.0,1.0,1.0,1.0,1.0,1.0,1.0,1.0,1.0,1.0,1.0,1.0,1.0,1.0,1.0,1.0,1.0,1.0,1.0,1.0,1.0,1.0,1.0,1.0,1.0,1.0,1.0,1.0,1.0,1.0,1.0,1.0,1.0,1.0,1.0,1.0,1.0,1.0
85,1,1.0,1.0,1.0,1.0,1.0,1.0,1.0,1.0,1.0,1.0,1.0,1.0,1.0,1.0,1.0,1.0,1.0,1.0,1.0,1.0,1.0,1.0,1.0,1.0,1.0,1.0,1.0,1.0,1.0,1.0,1.0,1.0,1.0,1.0,1.0,1.0,1.0,1.0,1.0,1.0,1.0,1.0,1.0,1.0,1.0,1.0,1.0,1.0,1.0,1.0,1.0,1.0,1.0,1.0,1.0,1.0,1.0,1.0,1.0,1.0,1.0,1.0,1.0,1.0,1.0,1.0,1.0,1.0,1.0,1.0,1.0,1.0,1.0,1.0,1.0,1.0,1.0,1.0,1.0,1.0,1.0,1.0,1.0,1.0,1.0,1.0,1.0,1.0,1.0,1.0,1.0,1.0,1.0,1.0,1.0,1.0,1.0,1.0,1.0,1.0
86,1,1.0,1.0,1.0,1.0,1.0,1.0,1.0,1.0,1.0,1.0,1.0,1.0,1.0,1.0,1.0,1.0,1.0,1.0,1.0,1.0,1.0,1.0,1.0,1.0,1.0,1.0,1.0,1.0,1.0,1.0,1.0,1.0,1.0,1.0,1.0,1.0,1.0,1.0,1.0,1.0,1.0,1.0,1.0,1.0,1.0,1.0,1.0,1.0,1.0,1.0,1.0,1.0,1.0,1.0,1.0,1.0,1.0,1.0,1.0,1.0,1.0,1.0,1.0,1.0,1.0,1.0,1.0,1.0,1.0,1.0,1.0,1.0,1.0,1.0,1.0,1.0,1.0,1.0,1.0,1.0,1.0,1.0,1.0,1.0,1.0,1.0,1.0,1.0,1.0,1.0,1.0,1.0,1.0,1.0,1.0,1.0,1.0,1.0,1.0,1.0
87,1,1.0,1.0,1.0,1.0,1.0,1.0,1.0,1.0,1.0,1.0,1.0,1.0,1.0,1.0,1.0,1.0,1.0,1.0,1.0,1.0,1.0,1.0,1.0,1.0,1.0,1.0,1.0,1.0,1.0,1.0,1.0,1.0,1.0,1.0,1.0,1.0,1.0,1.0,1.0,1.0,1.0,1.0,1.0,1.0,1.0,1.0,1.0,1.0,1.0,1.0,1.0,1.0,1.0,1.0,1.0,1.0,1.0,1.0,1.0,1.0,1.0,1.0,1.0,1.0,1.0,1.0,1.0,1.0,1.0,1.0,1.0,1.0,1.0,1.0,1.0,1.0,1.0,1.0,1.0,1.0,1.0,1.0,1.0,1.0,1.0,1.0,1.0,1.0,1.0,1.0,1.0,1.0,1.0,1.0,1.0,1.0,1.0,1.0,1.0,1.0
88,1,1.0,1.0,1.0,1.0,1.0,1.0,1.0,1.0,1.0,1.0,1.0,1.0,1.0,1.0,1.0,1.0,1.0,1.0,1.0,1.0,1.0,1.0,1.0,1.0,1.0,1.0,1.0,1.0,1.0,1.0,1.0,1.0,1.0,1.0,1.0,1.0,1.0,1.0,1.0,1.0,1.0,1.0,1.0,1.0,1.0,1.0,1.0,1.0,1.0,1.0,1.0,1.0,1.0,1.0,1.0,1.0,1.0,1.0,1.0,1.0,1.0,1.0,1.0,1.0,1.0,1.0,1.0,1.0,1.0,1.0,1.0,1.0,1.0,1.0,1.0,1.0,1.0,1.0,1.0,1.0,1.0,1.0,1.0,1.0,1.0,1.0,1.0,1.0,1.0,1.0,1.0,1.0,1.0,1.0,1.0,1.0,1.0,1.0,1.0,1.0
89,1,1.0,1.0,1.0,1.0,1.0,1.0,1.0,1.0,1.0,1.0,1.0,1.0,1.0,1.0,1.0,1.0,1.0,1.0,1.0,1.0,1.0,1.0,1.0,1.0,1.0,1.0,1.0,1.0,1.0,1.0,1.0,1.0,1.0,1.0,1.0,1.0,1.0,1.0,1.0,1.0,1.0,1.0,1.0,1.0,1.0,1.0,1.0,1.0,1.0,1.0,1.0,1.0,1.0,1.0,1.0,1.0,1.0,1.0,1.0,1.0,1.0,1.0,1.0,1.0,1.0,1.0,1.0,1.0,1.0,1.0,1.0,1.0,1.0,1.0,1.0,1.0,1.0,1.0,1.0,1.0,1.0,1.0,1.0,1.0,1.0,1.0,1.0,1.0,1.0,1.0,1.0,1.0,1.0,1.0,1.0,1.0,1.0,1.0,1.0,1.0
90,1,1.0,1.0,1.0,1.0,1.0,1.0,1.0,1.0,1.0,1.0,1.0,1.0,1.0,1.0,1.0,1.0,1.0,1.0,1.0,1.0,1.0,1.0,1.0,1.0,1.0,1.0,1.0,1.0,1.0,1.0,1.0,1.0,1.0,1.0,1.0,1.0,1.0,1.0,1.0,1.0,1.0,1.0,1.0,1.0,1.0,1.0,1.0,1.0,1.0,1.0,1.0,1.0,1.0,1.0,1.0,1.0,1.0,1.0,1.0,1.0,1.0,1.0,1.0,1.0,1.0,1.0,1.0,1.0,1.0,1.0,1.0,1.0,1.0,1.0,1.0,1.0,1.0,1.0,1.0,1.0,1.0,1.0,1.0,1.0,1.0,1.0,1.0,1.0,1.0,1.0,1.0,1.0,1.0,1.0,1.0,1.0,1.0,1.0,1.0,1.0
91,1,1.0,1.0,1.0,1.0,1.0,1.0,1.0,1.0,1.0,1.0,1.0,1.0,1.0,1.0,1.0,1.0,1.0,1.0,1.0,1.0,1.0,1.0,1.0,1.0,1.0,1.0,1.0,1.0,1.0,1.0,1.0,1.0,1.0,1.0,1.0,1.0,1.0,1.0,1.0,1.0,1.0,1.0,1.0,1.0,1.0,1.0,1.0,1.0,1.0,1.0,1.0,1.0,1.0,1.0,1.0,1.0,1.0,1.0,1.0,1.0,1.0,1.0,1.0,1.0,1.0,1.0,1.0,1.0,1.0,1.0,1.0,1.0,1.0,1.0,1.0,1.0,1.0,1.0,1.0,1.0,1.0,1.0,1.0,1.0,1.0,1.0,1.0,1.0,1.0,1.0,1.0,1.0,1.0,1.0,1.0,1.0,1.0,1.0,1.0,1.0
92,1,1.0,1.0,1.0,1.0,1.0,1.0,1.0,1.0,1.0,1.0,1.0,1.0,1.0,1.0,1.0,1.0,1.0,1.0,1.0,1.0,1.0,1.0,1.0,1.0,1.0,1.0,1.0,1.0,1.0,1.0,1.0,1.0,1.0,1.0,1.0,1.0,1.0,1.0,1.0,1.0,1.0,1.0,1.0,1.0,1.0,1.0,1.0,1.0,1.0,1.0,1.0,1.0,1.0,1.0,1.0,1.0,1.0,1.0,1.0,1.0,1.0,1.0,1.0,1.0,1.0,1.0,1.0,1.0,1.0,1.0,1.0,1.0,1.0,1.0,1.0,1.0,1.0,1.0,1.0,1.0,1.0,1.0,1.0,1.0,1.0,1.0,1.0,1.0,1.0,1.0,1.0,1.0,1.0,1.0,1.0,1.0,1.0,1.0,1.0,1.0
93,1,1.0,1.0,1.0,1.0,1.0,1.0,1.0,1.0,1.0,1.0,1.0,1.0,1.0,1.0,1.0,1.0,1.0,1.0,1.0,1.0,1.0,1.0,1.0,1.0,1.0,1.0,1.0,1.0,1.0,1.0,1.0,1.0,1.0,1.0,1.0,1.0,1.0,1.0,1.0,1.0,1.0,1.0,1.0,1.0,1.0,1.0,1.0,1.0,1.0,1.0,1.0,1.0,1.0,1.0,1.0,1.0,1.0,1.0,1.0,1.0,1.0,1.0,1.0,1.0,1.0,1.0,1.0,1.0,1.0,1.0,1.0,1.0,1.0,1.0,1.0,1.0,1.0,1.0,1.0,1.0,1.0,1.0,1.0,1.0,1.0,1.0,1.0,1.0,1.0,1.0,1.0,1.0,1.0,1.0,1.0,1.0,1.0,1.0,1.0,1.0
94,1,1.0,1.0,1.0,1.0,1.0,1.0,1.0,1.0,1.0,1.0,1.0,1.0,1.0,1.0,1.0,1.0,1.0,1.0,1.0,1.0,1.0,1.0,1.0,1.0,1.0,1.0,1.0,1.0,1.0,1.0,1.0,1.0,1.0,1.0,1.0,1.0,1.0,1.0,1.0,1.0,1.0,1.0,1.0,1.0,1.0,1.0,1.0,1.0,1.0,1.0,1.0,1.0,1.0,1.0,1.0,1.0,1.0,1.0,1.0,1.0,1.0,1.0,1.0,1.0,1.0,1.0,1.0,1.0,1.0,1.0,1.0,1.0,1.0,1.0,1.0,1.0,1.0,1.0,1.0,1.0,1.0,1.0,1.0,1.0,1.0,1.0,1.0,1.0,1.0,1.0,1.0,1.0,1.0,1.0,1.0,1.0,1.0,1.0,1.0,1.0
95,1,1.0,1.0,1.0,1.0,1.0,1.0,1.0,1.0,1.0,1.0,1.0,1.0,1.0,1.0,1.0,1.0,1.0,1.0,1.0,1.0,1.0,1.0,1.0,1.0,1.0,1.0,1.0,1.0,1.0,1.0,1.0,1.0,1.0,1.0,1.0,1.0,1.0,1.0,1.0,1.0,1.0,1.0,1.0,1.0,1.0,1.0,1.0,1.0,1.0,1.0,1.0,1.0,1.0,1.0,1.0,1.0,1.0,1.0,1.0,1.0,1.0,1.0,1.0,1.0,1.0,1.0,1.0,1.0,1.0,1.0,1.0,1.0,1.0,1.0,1.0,1.0,1.0,1.0,1.0,1.0,1.0,1.0,1.0,1.0,1.0,1.0,1.0,1.0,1.0,1.0,1.0,1.0,1.0,1.0,1.0,1.0,1.0,1.0,1.0,1.0
96,1,1.0,1.0,1.0,1.0,1.0,1.0,1.0,1.0,1.0,1.0,1.0,1.0,1.0,1.0,1.0,1.0,1.0,1.0,1.0,1.0,1.0,1.0,1.0,1.0,1.0,1.0,1.0,1.0,1.0,1.0,1.0,1.0,1.0,1.0,1.0,1.0,1.0,1.0,1.0,1.0,1.0,1.0,1.0,1.0,1.0,1.0,1.0,1.0,1.0,1.0,1.0,1.0,1.0,1.0,1.0,1.0,1.0,1.0,1.0,1.0,1.0,1.0,1.0,1.0,1.0,1.0,1.0,1.0,1.0,1.0,1.0,1.0,1.0,1.0,1.0,1.0,1.0,1.0,1.0,1.0,1.0,1.0,1.0,1.0,1.0,1.0,1.0,1.0,1.0,1.0,1.0,1.0,1.0,1.0,1.0,1.0,1.0,1.0,1.0,1.0
97,1,1.0,1.0,1.0,1.0,1.0,1.0,1.0,1.0,1.0,1.0,1.0,1.0,1.0,1.0,1.0,1.0,1.0,1.0,1.0,1.0,1.0,1.0,1.0,1.0,1.0,1.0,1.0,1.0,1.0,1.0,1.0,1.0,1.0,1.0,1.0,1.0,1.0,1.0,1.0,1.0,1.0,1.0,1.0,1.0,1.0,1.0,1.0,1.0,1.0,1.0,1.0,1.0,1.0,1.0,1.0,1.0,1.0,1.0,1.0,1.0,1.0,1.0,1.0,1.0,1.0,1.0,1.0,1.0,1.0,1.0,1.0,1.0,1.0,1.0,1.0,1.0,1.0,1.0,1.0,1.0,1.0,1.0,1.0,1.0,1.0,1.0,1.0,1.0,1.0,1.0,1.0,1.0,1.0,1.0,1.0,1.0,1.0,1.0,1.0,1.0
98,1,1.0,1.0,1.0,1.0,1.0,1.0,1.0,1.0,1.0,1.0,1.0,1.0,1.0,1.0,1.0,1.0,1.0,1.0,1.0,1.0,1.0,1.0,1.0,1.0,1.0,1.0,1.0,1.0,1.0,1.0,1.0,1.0,1.0,1.0,1.0,1.0,1.0,1.0,1.0,1.0,1.0,1.0,1.0,1.0,1.0,1.0,1.0,1.0,1.0,1.0,1.0,1.0,1.0,1.0,1.0,1.0,1.0,1.0,1.0,1.0,1.0,1.0,1.0,1.0,1.0,1.0,1.0,1.0,1.0,1.0,1.0,1.0,1.0,1.0,1.0,1.0,1.0,1.0,1.0,1.0,1.0,1.0,1.0,1.0,1.0,1.0,1.0,1.0,1.0,1.0,1.0,1.0,1.0,1.0,1.0,1.0,1.0,1.0,1.0,1.0
99,1,1.0,1.0,1.0,1.0,1.0,1.0,1.0,1.0,1.0,1.0,1.0,1.0,1.0,1.0,1.0,1.0,1.0,1.0,1.0,1.0,1.0,1.0,1.0,1.0,1.0,1.0,1.0,1.0,1.0,1.0,1.0,1.0,1.0,1.0,1.0,1.0,1.0,1.0,1.0,1.0,1.0,1.0,1.0,1.0,1.0,1.0,1.0,1.0,1.0,1.0,1.0,1.0,1.0,1.0,1.0,1.0,1.0,1.0,1.0,1.0,1.0,1.0,1.0,1.0,1.0,1.0,1.0,1.0,1.0,1.0,1.0,1.0,1.0,1.0,1.0,1.0,1.0,1.0,1.0,1.0,1.0,1.0,1.0,1.0,1.0,1.0,1.0,1.0,1.0,1.0,1.0,1.0,1.0,1.0,1.0,1.0,1.0,1.0,1.0,1.0
100,1,1.0,1.0,1.0,1.0,1.0,1.0,1.0,1.0,1.0,1.0,1.0,1.0,1.0,1.0,1.0,1.0,1.0,1.0,1.0,1.0,1.0,1.0,1.0,1.0,1.0,1.0,1.0,1.0,1.0,1.0,1.0,1.0,1.0,1.0,1.0,1.0,1.0,1.0,1.0,1.0,1.0,1.0,1.0,1.0,1.0,1.0,1.0,1.0,1.0,1.0,1.0,1.0,1.0,1.0,1.0,1.0,1.0,1.0,1.0,1.0,1.0,1.0,1.0,1.0,1.0,1.0,1.0,1.0,1.0,1.0,1.0,1.0,1.0,1.0,1.0,1.0,1.0,1.0,1.0,1.0,1.0,1.0,1.0,1.0,1.0,1.0,1.0,1.0,1.0,1.0,1.0,1.0,1.0,1.0,1.0,1.0,1.0,1.0,1.0,1.0
